CPU Reset (CPU 0)
EAX=00000000 EBX=00000000 ECX=00000000 EDX=00060fb1
ESI=00000000 EDI=00000000 EBP=00000000 ESP=00000000
EIP=0000fff0 EFL=00000002 [-------] CPL=0 II=0 A20=1 SMM=0 HLT=0
ES =0000 00000000 0000ffff 00009300
CS =f000 ffff0000 0000ffff 00009b00
SS =0000 00000000 0000ffff 00009300
DS =0000 00000000 0000ffff 00009300
FS =0000 00000000 0000ffff 00009300
GS =0000 00000000 0000ffff 00009300
LDT=0000 00000000 0000ffff 00008200
TR =0000 00000000 0000ffff 00008b00
GDT=     00000000 0000ffff
IDT=     00000000 0000ffff
CR0=60000010 CR2=00000000 CR3=00000000 CR4=00000000
DR0=0000000000000000 DR1=0000000000000000 DR2=0000000000000000 DR3=0000000000000000 
DR6=00000000ffff0ff0 DR7=0000000000000400
CCS=00000000 CCD=00000000 CCO=EFLAGS
EFER=0000000000000000
FCW=037f FSW=0000 [ST=0] FTW=00 MXCSR=00001f80
FPR0=0000000000000000 0000 FPR1=0000000000000000 0000
FPR2=0000000000000000 0000 FPR3=0000000000000000 0000
FPR4=0000000000000000 0000 FPR5=0000000000000000 0000
FPR6=0000000000000000 0000 FPR7=0000000000000000 0000
XMM00=0000000000000000 0000000000000000 XMM01=0000000000000000 0000000000000000
XMM02=0000000000000000 0000000000000000 XMM03=0000000000000000 0000000000000000
XMM04=0000000000000000 0000000000000000 XMM05=0000000000000000 0000000000000000
XMM06=0000000000000000 0000000000000000 XMM07=0000000000000000 0000000000000000
CPU Reset (CPU 0)
EAX=00000000 EBX=00000000 ECX=00000000 EDX=00060fb1
ESI=00000000 EDI=00000000 EBP=00000000 ESP=00000000
EIP=0000fff0 EFL=00000002 [-------] CPL=0 II=0 A20=1 SMM=0 HLT=0
ES =0000 00000000 0000ffff 00009300
CS =f000 ffff0000 0000ffff 00009b00
SS =0000 00000000 0000ffff 00009300
DS =0000 00000000 0000ffff 00009300
FS =0000 00000000 0000ffff 00009300
GS =0000 00000000 0000ffff 00009300
LDT=0000 00000000 0000ffff 00008200
TR =0000 00000000 0000ffff 00008b00
GDT=     00000000 0000ffff
IDT=     00000000 0000ffff
CR0=60000010 CR2=00000000 CR3=00000000 CR4=00000000
DR0=0000000000000000 DR1=0000000000000000 DR2=0000000000000000 DR3=0000000000000000 
DR6=00000000ffff0ff0 DR7=0000000000000400
CCS=00000000 CCD=00000000 CCO=EFLAGS
EFER=0000000000000000
FCW=037f FSW=0000 [ST=0] FTW=00 MXCSR=00001f80
FPR0=0000000000000000 0000 FPR1=0000000000000000 0000
FPR2=0000000000000000 0000 FPR3=0000000000000000 0000
FPR4=0000000000000000 0000 FPR5=0000000000000000 0000
FPR6=0000000000000000 0000 FPR7=0000000000000000 0000
XMM00=0000000000000000 0000000000000000 XMM01=0000000000000000 0000000000000000
XMM02=0000000000000000 0000000000000000 XMM03=0000000000000000 0000000000000000
XMM04=0000000000000000 0000000000000000 XMM05=0000000000000000 0000000000000000
XMM06=0000000000000000 0000000000000000 XMM07=0000000000000000 0000000000000000
SMM: enter
EAX=00000000 EBX=00000000 ECX=02000000 EDX=02000628
ESI=0000000b EDI=02000000 EBP=06feaf50 ESP=00006d5c
EIP=000ebe6f EFL=00000046 [---Z-P-] CPL=0 II=0 A20=1 SMM=0 HLT=0
ES =0010 00000000 ffffffff 00cf9300 DPL=0 DS   [-WA]
CS =0008 00000000 ffffffff 00cf9b00 DPL=0 CS32 [-RA]
SS =0010 00000000 ffffffff 00cf9300 DPL=0 DS   [-WA]
DS =0010 00000000 ffffffff 00cf9300 DPL=0 DS   [-WA]
FS =0010 00000000 ffffffff 00cf9300 DPL=0 DS   [-WA]
GS =0010 00000000 ffffffff 00cf9300 DPL=0 DS   [-WA]
LDT=0000 00000000 0000ffff 00008200 DPL=0 LDT
TR =0000 00000000 0000ffff 00008b00 DPL=0 TSS32-busy
GDT=     000f61c0 00000037
IDT=     000f61fe 00000000
CR0=00000011 CR2=00000000 CR3=00000000 CR4=00000000
DR0=0000000000000000 DR1=0000000000000000 DR2=0000000000000000 DR3=0000000000000000 
DR6=00000000ffff0ff0 DR7=0000000000000400
CCS=00000044 CCD=ffffffff CCO=EFLAGS
EFER=0000000000000000
SMM: after RSM
EAX=00000000 EBX=00000000 ECX=02000000 EDX=02000628
ESI=0000000b EDI=02000000 EBP=06feaf50 ESP=00006d5c
EIP=000ebe6f EFL=00000046 [---Z-P-] CPL=0 II=0 A20=1 SMM=0 HLT=0
ES =0010 00000000 ffffffff 00c09300 DPL=0 DS   [-WA]
CS =0008 00000000 ffffffff 00c09b00 DPL=0 CS32 [-RA]
SS =0010 00000000 ffffffff 00c09300 DPL=0 DS   [-WA]
DS =0010 00000000 ffffffff 00c09300 DPL=0 DS   [-WA]
FS =0010 00000000 ffffffff 00c09300 DPL=0 DS   [-WA]
GS =0010 00000000 ffffffff 00c09300 DPL=0 DS   [-WA]
LDT=0000 00000000 0000ffff 00008200 DPL=0 LDT
TR =0000 00000000 0000ffff 00008b00 DPL=0 TSS32-busy
GDT=     000f61c0 00000037
IDT=     000f61fe 00000000
CR0=00000011 CR2=00000000 CR3=00000000 CR4=00000000
DR0=0000000000000000 DR1=0000000000000000 DR2=0000000000000000 DR3=0000000000000000 
DR6=00000000ffff0ff0 DR7=0000000000000400
CCS=00000044 CCD=00000000 CCO=EFLAGS
EFER=0000000000000000
SMM: enter
EAX=000000b5 EBX=000f7d38 ECX=00001234 EDX=00006cff
ESI=00006cb8 EDI=06ffee66 EBP=00006c78 ESP=00006c78
EIP=00007d35 EFL=00000006 [-----P-] CPL=0 II=0 A20=1 SMM=0 HLT=0
ES =da80 000da800 ffffffff 008f9300
CS =f000 000f0000 ffffffff 008f9b00
SS =0000 00000000 ffffffff 008f9300
DS =0000 00000000 ffffffff 008f9300
FS =0000 00000000 ffffffff 008f9300
GS =0000 00000000 ffffffff 008f9300
LDT=0000 00000000 0000ffff 00008200
TR =0000 00000000 0000ffff 00008b00
GDT=     00000000 00000000
IDT=     00000000 000003ff
CR0=00000010 CR2=00000000 CR3=00000000 CR4=00000000
DR0=0000000000000000 DR1=0000000000000000 DR2=0000000000000000 DR3=0000000000000000 
DR6=00000000ffff0ff0 DR7=0000000000000400
CCS=00000000 CCD=00006c78 CCO=ADDL
EFER=0000000000000000
SMM: after RSM
EAX=000000b5 EBX=000f7d38 ECX=00001234 EDX=00006cff
ESI=00006cb8 EDI=06ffee66 EBP=00006c78 ESP=00006c78
EIP=000f7d38 EFL=00000046 [---Z-P-] CPL=0 II=0 A20=1 SMM=0 HLT=0
ES =0010 00000000 ffffffff 00c09300 DPL=0 DS   [-WA]
CS =0008 00000000 ffffffff 00c09b00 DPL=0 CS32 [-RA]
SS =0010 00000000 ffffffff 00c09300 DPL=0 DS   [-WA]
DS =0010 00000000 ffffffff 00c09300 DPL=0 DS   [-WA]
FS =0010 00000000 ffffffff 00c09300 DPL=0 DS   [-WA]
GS =0010 00000000 ffffffff 00c09300 DPL=0 DS   [-WA]
LDT=0000 00000000 0000ffff 00008200 DPL=0 LDT
TR =0000 00000000 0000ffff 00008b00 DPL=0 TSS32-busy
GDT=     000f61c0 00000037
IDT=     000f61fe 00000000
CR0=00000011 CR2=00000000 CR3=00000000 CR4=00000000
DR0=0000000000000000 DR1=0000000000000000 DR2=0000000000000000 DR3=0000000000000000 
DR6=00000000ffff0ff0 DR7=0000000000000400
CCS=00000044 CCD=00000000 CCO=EFLAGS
EFER=0000000000000000
SMM: enter
EAX=000000b5 EBX=00007d52 ECX=00005678 EDX=06fffe88
ESI=000e9700 EDI=06ffee66 EBP=00006c78 ESP=00006c78
EIP=000f7d4f EFL=00000012 [----A--] CPL=0 II=0 A20=1 SMM=0 HLT=0
ES =0010 00000000 ffffffff 00c09300 DPL=0 DS   [-WA]
CS =0008 00000000 ffffffff 00c09b00 DPL=0 CS32 [-RA]
SS =0010 00000000 ffffffff 00c09300 DPL=0 DS   [-WA]
DS =0010 00000000 ffffffff 00c09300 DPL=0 DS   [-WA]
FS =0010 00000000 ffffffff 00c09300 DPL=0 DS   [-WA]
GS =0010 00000000 ffffffff 00c09300 DPL=0 DS   [-WA]
LDT=0000 00000000 0000ffff 00008200 DPL=0 LDT
TR =0000 00000000 0000ffff 00008b00 DPL=0 TSS32-busy
GDT=     000f61c0 00000037
IDT=     000f61fe 00000000
CR0=00000011 CR2=00000000 CR3=00000000 CR4=00000000
DR0=0000000000000000 DR1=0000000000000000 DR2=0000000000000000 DR3=0000000000000000 
DR6=00000000ffff0ff0 DR7=0000000000000400
CCS=00000008 CCD=00006c64 CCO=ADDL
EFER=0000000000000000
SMM: after RSM
EAX=000000b5 EBX=00007d52 ECX=00005678 EDX=06fffe88
ESI=000e9700 EDI=06ffee66 EBP=00006c78 ESP=00006c78
EIP=00007d52 EFL=00000006 [-----P-] CPL=0 II=0 A20=1 SMM=0 HLT=0
ES =da80 000da800 ffffffff 00809300
CS =f000 000f0000 ffffffff 00809b00
SS =0000 00000000 ffffffff 00809300
DS =0000 00000000 ffffffff 00809300
FS =0000 00000000 ffffffff 00809300
GS =0000 00000000 ffffffff 00809300
LDT=0000 00000000 0000ffff 00008200
TR =0000 00000000 0000ffff 00008b00
GDT=     00000000 00000000
IDT=     00000000 000003ff
CR0=00000010 CR2=00000000 CR3=00000000 CR4=00000000
DR0=0000000000000000 DR1=0000000000000000 DR2=0000000000000000 DR3=0000000000000000 
DR6=00000000ffff0ff0 DR7=0000000000000400
CCS=00000004 CCD=00000001 CCO=EFLAGS
EFER=0000000000000000
SMM: enter
EAX=000000b5 EBX=000f7d38 ECX=00001234 EDX=000069ff
ESI=000069a2 EDI=06ffee66 EBP=00006962 ESP=00006962
EIP=00007d35 EFL=00000002 [-------] CPL=0 II=0 A20=1 SMM=0 HLT=0
ES =da80 000da800 ffffffff 008f9300
CS =f000 000f0000 ffffffff 008f9b00
SS =0000 00000000 ffffffff 008f9300
DS =0000 00000000 ffffffff 008f9300
FS =0000 00000000 ffffffff 008f9300
GS =ca00 000ca000 ffffffff 008f9300
LDT=0000 00000000 0000ffff 00008200
TR =0000 00000000 0000ffff 00008b00
GDT=     00000000 00000000
IDT=     00000000 000003ff
CR0=00000010 CR2=00000000 CR3=00000000 CR4=00000000
DR0=0000000000000000 DR1=0000000000000000 DR2=0000000000000000 DR3=0000000000000000 
DR6=00000000ffff0ff0 DR7=0000000000000400
CCS=00000000 CCD=00006962 CCO=ADDL
EFER=0000000000000000
SMM: after RSM
EAX=000000b5 EBX=000f7d38 ECX=00001234 EDX=000069ff
ESI=000069a2 EDI=06ffee66 EBP=00006962 ESP=00006962
EIP=000f7d38 EFL=00000046 [---Z-P-] CPL=0 II=0 A20=1 SMM=0 HLT=0
ES =0010 00000000 ffffffff 00c09300 DPL=0 DS   [-WA]
CS =0008 00000000 ffffffff 00c09b00 DPL=0 CS32 [-RA]
SS =0010 00000000 ffffffff 00c09300 DPL=0 DS   [-WA]
DS =0010 00000000 ffffffff 00c09300 DPL=0 DS   [-WA]
FS =0010 00000000 ffffffff 00c09300 DPL=0 DS   [-WA]
GS =0010 00000000 ffffffff 00c09300 DPL=0 DS   [-WA]
LDT=0000 00000000 0000ffff 00008200 DPL=0 LDT
TR =0000 00000000 0000ffff 00008b00 DPL=0 TSS32-busy
GDT=     000f61c0 00000037
IDT=     000f61fe 00000000
CR0=00000011 CR2=00000000 CR3=00000000 CR4=00000000
DR0=0000000000000000 DR1=0000000000000000 DR2=0000000000000000 DR3=0000000000000000 
DR6=00000000ffff0ff0 DR7=0000000000000400
CCS=00000044 CCD=00000000 CCO=EFLAGS
EFER=0000000000000000
SMM: enter
EAX=000000b5 EBX=00007d52 ECX=00005678 EDX=00000005
ESI=00000000 EDI=06ffee66 EBP=00006962 ESP=00006962
EIP=000f7d4f EFL=00000006 [-----P-] CPL=0 II=0 A20=1 SMM=0 HLT=0
ES =0010 00000000 ffffffff 00c09300 DPL=0 DS   [-WA]
CS =0008 00000000 ffffffff 00c09b00 DPL=0 CS32 [-RA]
SS =0010 00000000 ffffffff 00c09300 DPL=0 DS   [-WA]
DS =0010 00000000 ffffffff 00c09300 DPL=0 DS   [-WA]
FS =0010 00000000 ffffffff 00c09300 DPL=0 DS   [-WA]
GS =0010 00000000 ffffffff 00c09300 DPL=0 DS   [-WA]
LDT=0000 00000000 0000ffff 00008200 DPL=0 LDT
TR =0000 00000000 0000ffff 00008b00 DPL=0 TSS32-busy
GDT=     000f61c0 00000037
IDT=     000f61fe 00000000
CR0=00000011 CR2=00000000 CR3=00000000 CR4=00000000
DR0=0000000000000000 DR1=0000000000000000 DR2=0000000000000000 DR3=0000000000000000 
DR6=00000000ffff0ff0 DR7=0000000000000400
CCS=00000008 CCD=0000694e CCO=ADDL
EFER=0000000000000000
SMM: after RSM
EAX=000000b5 EBX=00007d52 ECX=00005678 EDX=00000005
ESI=00000000 EDI=06ffee66 EBP=00006962 ESP=00006962
EIP=00007d52 EFL=00000002 [-------] CPL=0 II=0 A20=1 SMM=0 HLT=0
ES =da80 000da800 ffffffff 00809300
CS =f000 000f0000 ffffffff 00809b00
SS =0000 00000000 ffffffff 00809300
DS =0000 00000000 ffffffff 00809300
FS =0000 00000000 ffffffff 00809300
GS =ca00 000ca000 ffffffff 00809300
LDT=0000 00000000 0000ffff 00008200
TR =0000 00000000 0000ffff 00008b00
GDT=     00000000 00000000
IDT=     00000000 000003ff
CR0=00000010 CR2=00000000 CR3=00000000 CR4=00000000
DR0=0000000000000000 DR1=0000000000000000 DR2=0000000000000000 DR3=0000000000000000 
DR6=00000000ffff0ff0 DR7=0000000000000400
CCS=00000000 CCD=00000001 CCO=EFLAGS
EFER=0000000000000000
SMM: enter
EAX=000000b5 EBX=000f7d38 ECX=00001234 EDX=000069ff
ESI=0000699c EDI=06ffee66 EBP=0000695c ESP=0000695c
EIP=00007d35 EFL=00000006 [-----P-] CPL=0 II=0 A20=1 SMM=0 HLT=0
ES =da80 000da800 ffffffff 00809300
CS =f000 000f0000 ffffffff 00809b00
SS =0000 00000000 ffffffff 00809300
DS =0000 00000000 ffffffff 00809300
FS =0000 00000000 ffffffff 00809300
GS =ca00 000ca000 ffffffff 00809300
LDT=0000 00000000 0000ffff 00008200
TR =0000 00000000 0000ffff 00008b00
GDT=     00000000 00000000
IDT=     00000000 000003ff
CR0=00000010 CR2=00000000 CR3=00000000 CR4=00000000
DR0=0000000000000000 DR1=0000000000000000 DR2=0000000000000000 DR3=0000000000000000 
DR6=00000000ffff0ff0 DR7=0000000000000400
CCS=00000000 CCD=0000695c CCO=ADDL
EFER=0000000000000000
SMM: after RSM
EAX=000000b5 EBX=000f7d38 ECX=00001234 EDX=000069ff
ESI=0000699c EDI=06ffee66 EBP=0000695c ESP=0000695c
EIP=000f7d38 EFL=00000046 [---Z-P-] CPL=0 II=0 A20=1 SMM=0 HLT=0
ES =0010 00000000 ffffffff 00c09300 DPL=0 DS   [-WA]
CS =0008 00000000 ffffffff 00c09b00 DPL=0 CS32 [-RA]
SS =0010 00000000 ffffffff 00c09300 DPL=0 DS   [-WA]
DS =0010 00000000 ffffffff 00c09300 DPL=0 DS   [-WA]
FS =0010 00000000 ffffffff 00c09300 DPL=0 DS   [-WA]
GS =0010 00000000 ffffffff 00c09300 DPL=0 DS   [-WA]
LDT=0000 00000000 0000ffff 00008200 DPL=0 LDT
TR =0000 00000000 0000ffff 00008b00 DPL=0 TSS32-busy
GDT=     000f61c0 00000037
IDT=     000f61fe 00000000
CR0=00000011 CR2=00000000 CR3=00000000 CR4=00000000
DR0=0000000000000000 DR1=0000000000000000 DR2=0000000000000000 DR3=0000000000000000 
DR6=00000000ffff0ff0 DR7=0000000000000400
CCS=00000044 CCD=00000000 CCO=EFLAGS
EFER=0000000000000000
SMM: enter
EAX=000000b5 EBX=00007d52 ECX=00005678 EDX=00000003
ESI=06fc8ef0 EDI=06ffee66 EBP=0000695c ESP=0000695c
EIP=000f7d4f EFL=00000006 [-----P-] CPL=0 II=0 A20=1 SMM=0 HLT=0
ES =0010 00000000 ffffffff 00c09300 DPL=0 DS   [-WA]
CS =0008 00000000 ffffffff 00c09b00 DPL=0 CS32 [-RA]
SS =0010 00000000 ffffffff 00c09300 DPL=0 DS   [-WA]
DS =0010 00000000 ffffffff 00c09300 DPL=0 DS   [-WA]
FS =0010 00000000 ffffffff 00c09300 DPL=0 DS   [-WA]
GS =0010 00000000 ffffffff 00c09300 DPL=0 DS   [-WA]
LDT=0000 00000000 0000ffff 00008200 DPL=0 LDT
TR =0000 00000000 0000ffff 00008b00 DPL=0 TSS32-busy
GDT=     000f61c0 00000037
IDT=     000f61fe 00000000
CR0=00000011 CR2=00000000 CR3=00000000 CR4=00000000
DR0=0000000000000000 DR1=0000000000000000 DR2=0000000000000000 DR3=0000000000000000 
DR6=00000000ffff0ff0 DR7=0000000000000400
CCS=00000008 CCD=00006948 CCO=ADDL
EFER=0000000000000000
SMM: after RSM
EAX=000000b5 EBX=00007d52 ECX=00005678 EDX=00000003
ESI=06fc8ef0 EDI=06ffee66 EBP=0000695c ESP=0000695c
EIP=00007d52 EFL=00000006 [-----P-] CPL=0 II=0 A20=1 SMM=0 HLT=0
ES =da80 000da800 ffffffff 00809300
CS =f000 000f0000 ffffffff 00809b00
SS =0000 00000000 ffffffff 00809300
DS =0000 00000000 ffffffff 00809300
FS =0000 00000000 ffffffff 00809300
GS =ca00 000ca000 ffffffff 00809300
LDT=0000 00000000 0000ffff 00008200
TR =0000 00000000 0000ffff 00008b00
GDT=     00000000 00000000
IDT=     00000000 000003ff
CR0=00000010 CR2=00000000 CR3=00000000 CR4=00000000
DR0=0000000000000000 DR1=0000000000000000 DR2=0000000000000000 DR3=0000000000000000 
DR6=00000000ffff0ff0 DR7=0000000000000400
CCS=00000004 CCD=00000001 CCO=EFLAGS
EFER=0000000000000000
SMM: enter
EAX=000000b5 EBX=000f7d38 ECX=00001234 EDX=000069ff
ESI=000069a2 EDI=06ffee66 EBP=00006962 ESP=00006962
EIP=00007d35 EFL=00000002 [-------] CPL=0 II=0 A20=1 SMM=0 HLT=0
ES =da80 000da800 ffffffff 00809300
CS =f000 000f0000 ffffffff 00809b00
SS =0000 00000000 ffffffff 00809300
DS =0000 00000000 ffffffff 00809300
FS =0000 00000000 ffffffff 00809300
GS =ca00 000ca000 ffffffff 00809300
LDT=0000 00000000 0000ffff 00008200
TR =0000 00000000 0000ffff 00008b00
GDT=     00000000 00000000
IDT=     00000000 000003ff
CR0=00000010 CR2=00000000 CR3=00000000 CR4=00000000
DR0=0000000000000000 DR1=0000000000000000 DR2=0000000000000000 DR3=0000000000000000 
DR6=00000000ffff0ff0 DR7=0000000000000400
CCS=00000000 CCD=00006962 CCO=ADDL
EFER=0000000000000000
SMM: after RSM
EAX=000000b5 EBX=000f7d38 ECX=00001234 EDX=000069ff
ESI=000069a2 EDI=06ffee66 EBP=00006962 ESP=00006962
EIP=000f7d38 EFL=00000046 [---Z-P-] CPL=0 II=0 A20=1 SMM=0 HLT=0
ES =0010 00000000 ffffffff 00c09300 DPL=0 DS   [-WA]
CS =0008 00000000 ffffffff 00c09b00 DPL=0 CS32 [-RA]
SS =0010 00000000 ffffffff 00c09300 DPL=0 DS   [-WA]
DS =0010 00000000 ffffffff 00c09300 DPL=0 DS   [-WA]
FS =0010 00000000 ffffffff 00c09300 DPL=0 DS   [-WA]
GS =0010 00000000 ffffffff 00c09300 DPL=0 DS   [-WA]
LDT=0000 00000000 0000ffff 00008200 DPL=0 LDT
TR =0000 00000000 0000ffff 00008b00 DPL=0 TSS32-busy
GDT=     000f61c0 00000037
IDT=     000f61fe 00000000
CR0=00000011 CR2=00000000 CR3=00000000 CR4=00000000
DR0=0000000000000000 DR1=0000000000000000 DR2=0000000000000000 DR3=0000000000000000 
DR6=00000000ffff0ff0 DR7=0000000000000400
CCS=00000044 CCD=00000000 CCO=EFLAGS
EFER=0000000000000000
SMM: enter
EAX=000000b5 EBX=00007d52 ECX=00005678 EDX=00000005
ESI=00000000 EDI=06ffee66 EBP=00006962 ESP=00006962
EIP=000f7d4f EFL=00000006 [-----P-] CPL=0 II=0 A20=1 SMM=0 HLT=0
ES =0010 00000000 ffffffff 00c09300 DPL=0 DS   [-WA]
CS =0008 00000000 ffffffff 00c09b00 DPL=0 CS32 [-RA]
SS =0010 00000000 ffffffff 00c09300 DPL=0 DS   [-WA]
DS =0010 00000000 ffffffff 00c09300 DPL=0 DS   [-WA]
FS =0010 00000000 ffffffff 00c09300 DPL=0 DS   [-WA]
GS =0010 00000000 ffffffff 00c09300 DPL=0 DS   [-WA]
LDT=0000 00000000 0000ffff 00008200 DPL=0 LDT
TR =0000 00000000 0000ffff 00008b00 DPL=0 TSS32-busy
GDT=     000f61c0 00000037
IDT=     000f61fe 00000000
CR0=00000011 CR2=00000000 CR3=00000000 CR4=00000000
DR0=0000000000000000 DR1=0000000000000000 DR2=0000000000000000 DR3=0000000000000000 
DR6=00000000ffff0ff0 DR7=0000000000000400
CCS=00000008 CCD=0000694e CCO=ADDL
EFER=0000000000000000
SMM: after RSM
EAX=000000b5 EBX=00007d52 ECX=00005678 EDX=00000005
ESI=00000000 EDI=06ffee66 EBP=00006962 ESP=00006962
EIP=00007d52 EFL=00000002 [-------] CPL=0 II=0 A20=1 SMM=0 HLT=0
ES =da80 000da800 ffffffff 00809300
CS =f000 000f0000 ffffffff 00809b00
SS =0000 00000000 ffffffff 00809300
DS =0000 00000000 ffffffff 00809300
FS =0000 00000000 ffffffff 00809300
GS =ca00 000ca000 ffffffff 00809300
LDT=0000 00000000 0000ffff 00008200
TR =0000 00000000 0000ffff 00008b00
GDT=     00000000 00000000
IDT=     00000000 000003ff
CR0=00000010 CR2=00000000 CR3=00000000 CR4=00000000
DR0=0000000000000000 DR1=0000000000000000 DR2=0000000000000000 DR3=0000000000000000 
DR6=00000000ffff0ff0 DR7=0000000000000400
CCS=00000000 CCD=00000001 CCO=EFLAGS
EFER=0000000000000000
SMM: enter
EAX=000000b5 EBX=000f7d38 ECX=00001234 EDX=000069ff
ESI=0000699c EDI=06ffee66 EBP=0000695c ESP=0000695c
EIP=00007d35 EFL=00000006 [-----P-] CPL=0 II=0 A20=1 SMM=0 HLT=0
ES =da80 000da800 ffffffff 00809300
CS =f000 000f0000 ffffffff 00809b00
SS =0000 00000000 ffffffff 00809300
DS =0000 00000000 ffffffff 00809300
FS =0000 00000000 ffffffff 00809300
GS =ca00 000ca000 ffffffff 00809300
LDT=0000 00000000 0000ffff 00008200
TR =0000 00000000 0000ffff 00008b00
GDT=     00000000 00000000
IDT=     00000000 000003ff
CR0=00000010 CR2=00000000 CR3=00000000 CR4=00000000
DR0=0000000000000000 DR1=0000000000000000 DR2=0000000000000000 DR3=0000000000000000 
DR6=00000000ffff0ff0 DR7=0000000000000400
CCS=00000000 CCD=0000695c CCO=ADDL
EFER=0000000000000000
SMM: after RSM
EAX=000000b5 EBX=000f7d38 ECX=00001234 EDX=000069ff
ESI=0000699c EDI=06ffee66 EBP=0000695c ESP=0000695c
EIP=000f7d38 EFL=00000046 [---Z-P-] CPL=0 II=0 A20=1 SMM=0 HLT=0
ES =0010 00000000 ffffffff 00c09300 DPL=0 DS   [-WA]
CS =0008 00000000 ffffffff 00c09b00 DPL=0 CS32 [-RA]
SS =0010 00000000 ffffffff 00c09300 DPL=0 DS   [-WA]
DS =0010 00000000 ffffffff 00c09300 DPL=0 DS   [-WA]
FS =0010 00000000 ffffffff 00c09300 DPL=0 DS   [-WA]
GS =0010 00000000 ffffffff 00c09300 DPL=0 DS   [-WA]
LDT=0000 00000000 0000ffff 00008200 DPL=0 LDT
TR =0000 00000000 0000ffff 00008b00 DPL=0 TSS32-busy
GDT=     000f61c0 00000037
IDT=     000f61fe 00000000
CR0=00000011 CR2=00000000 CR3=00000000 CR4=00000000
DR0=0000000000000000 DR1=0000000000000000 DR2=0000000000000000 DR3=0000000000000000 
DR6=00000000ffff0ff0 DR7=0000000000000400
CCS=00000044 CCD=00000000 CCO=EFLAGS
EFER=0000000000000000
SMM: enter
EAX=000000b5 EBX=00007d52 ECX=00005678 EDX=00000003
ESI=06f08ef0 EDI=06ffee66 EBP=0000695c ESP=0000695c
EIP=000f7d4f EFL=00000006 [-----P-] CPL=0 II=0 A20=1 SMM=0 HLT=0
ES =0010 00000000 ffffffff 00c09300 DPL=0 DS   [-WA]
CS =0008 00000000 ffffffff 00c09b00 DPL=0 CS32 [-RA]
SS =0010 00000000 ffffffff 00c09300 DPL=0 DS   [-WA]
DS =0010 00000000 ffffffff 00c09300 DPL=0 DS   [-WA]
FS =0010 00000000 ffffffff 00c09300 DPL=0 DS   [-WA]
GS =0010 00000000 ffffffff 00c09300 DPL=0 DS   [-WA]
LDT=0000 00000000 0000ffff 00008200 DPL=0 LDT
TR =0000 00000000 0000ffff 00008b00 DPL=0 TSS32-busy
GDT=     000f61c0 00000037
IDT=     000f61fe 00000000
CR0=00000011 CR2=00000000 CR3=00000000 CR4=00000000
DR0=0000000000000000 DR1=0000000000000000 DR2=0000000000000000 DR3=0000000000000000 
DR6=00000000ffff0ff0 DR7=0000000000000400
CCS=00000008 CCD=00006948 CCO=ADDL
EFER=0000000000000000
SMM: after RSM
EAX=000000b5 EBX=00007d52 ECX=00005678 EDX=00000003
ESI=06f08ef0 EDI=06ffee66 EBP=0000695c ESP=0000695c
EIP=00007d52 EFL=00000006 [-----P-] CPL=0 II=0 A20=1 SMM=0 HLT=0
ES =da80 000da800 ffffffff 00809300
CS =f000 000f0000 ffffffff 00809b00
SS =0000 00000000 ffffffff 00809300
DS =0000 00000000 ffffffff 00809300
FS =0000 00000000 ffffffff 00809300
GS =ca00 000ca000 ffffffff 00809300
LDT=0000 00000000 0000ffff 00008200
TR =0000 00000000 0000ffff 00008b00
GDT=     00000000 00000000
IDT=     00000000 000003ff
CR0=00000010 CR2=00000000 CR3=00000000 CR4=00000000
DR0=0000000000000000 DR1=0000000000000000 DR2=0000000000000000 DR3=0000000000000000 
DR6=00000000ffff0ff0 DR7=0000000000000400
CCS=00000004 CCD=00000001 CCO=EFLAGS
EFER=0000000000000000
Servicing hardware INT=0x0e
Servicing hardware INT=0x0e
Servicing hardware INT=0x08
Servicing hardware INT=0x0e
Servicing hardware INT=0x0e
Servicing hardware INT=0x0e
Servicing hardware INT=0x0e
Servicing hardware INT=0x08
Servicing hardware INT=0x08
Servicing hardware INT=0x08
Servicing hardware INT=0x08
Servicing hardware INT=0x21
     0: v=21 e=0000 i=0 cpl=0 IP=0028:ffffffff80000106 pc=ffffffff80000106 SP=0030:ffff800007fb5ff0 env->regs[R_EAX]=0000000000000320
RAX=0000000000000320 RBX=0000000000000000 RCX=0000000000000007 RDX=0000000000000000
RSI=00000000ffffffff RDI=000000000000000a RBP=ffff800007fb5ff0 RSP=ffff800007fb5ff0
R8 =0000000000000000 R9 =0000000000000000 R10=0000000000000000 R11=0000000000000000
R12=0000000000000000 R13=0000000000000000 R14=0000000000000000 R15=0000000000000000
RIP=ffffffff80000106 RFL=00000216 [----AP-] CPL=0 II=0 A20=1 SMM=0 HLT=0
ES =0030 0000000000000000 00000000 00009300 DPL=0 DS   [-WA]
CS =0028 0000000000000000 00000000 00209b00 DPL=0 CS64 [-RA]
SS =0030 0000000000000000 00000000 00009300 DPL=0 DS   [-WA]
DS =0030 0000000000000000 00000000 00009300 DPL=0 DS   [-WA]
FS =0030 0000000000000000 00000000 00009300 DPL=0 DS   [-WA]
GS =0030 0000000000000000 00000000 00009300 DPL=0 DS   [-WA]
LDT=0000 0000000000000000 00000000 00008200 DPL=0 LDT
TR =0038 0000000000000000 00000000 00008900 DPL=0 TSS64-avl
GDT=     ffff800000016168 00000047
IDT=     ffffffff80004040 00000fff
CR0=80010011 CR2=0000000000000000 CR3=0000000007fa5000 CR4=00000020
DR0=0000000000000000 DR1=0000000000000000 DR2=0000000000000000 DR3=0000000000000000 
DR6=00000000ffff0ff0 DR7=0000000000000400
CCS=0000000000000014 CCD=00000000000002b8 CCO=EFLAGS
EFER=0000000000000d00
Servicing hardware INT=0x21
     1: v=21 e=0000 i=0 cpl=0 IP=0028:ffffffff80000106 pc=ffffffff80000106 SP=0030:ffff800007fb5ff0 env->regs[R_EAX]=0000000000000320
RAX=0000000000000320 RBX=0000000000000000 RCX=0000000000000007 RDX=0000000000000000
RSI=00000000ffffffff RDI=000000000000000a RBP=ffff800007fb5ff0 RSP=ffff800007fb5ff0
R8 =0000000000000000 R9 =0000000000000000 R10=0000000000000000 R11=0000000000000000
R12=0000000000000000 R13=0000000000000000 R14=0000000000000000 R15=0000000000000000
RIP=ffffffff80000106 RFL=00000216 [----AP-] CPL=0 II=0 A20=1 SMM=0 HLT=0
ES =0030 0000000000000000 00000000 00009300 DPL=0 DS   [-WA]
CS =0028 0000000000000000 00000000 00209b00 DPL=0 CS64 [-RA]
SS =0030 0000000000000000 00000000 00009300 DPL=0 DS   [-WA]
DS =0030 0000000000000000 00000000 00009300 DPL=0 DS   [-WA]
FS =0030 0000000000000000 00000000 00009300 DPL=0 DS   [-WA]
GS =0030 0000000000000000 00000000 00009300 DPL=0 DS   [-WA]
LDT=0000 0000000000000000 00000000 00008200 DPL=0 LDT
TR =0038 0000000000000000 00000000 00008900 DPL=0 TSS64-avl
GDT=     ffff800000016168 00000047
IDT=     ffffffff80004040 00000fff
CR0=80010011 CR2=0000000000000000 CR3=0000000007fa5000 CR4=00000020
DR0=0000000000000000 DR1=0000000000000000 DR2=0000000000000000 DR3=0000000000000000 
DR6=00000000ffff0ff0 DR7=0000000000000400
CCS=0000000000000014 CCD=ffff800007fb5f50 CCO=EFLAGS
EFER=0000000000000d00
Servicing hardware INT=0x21
     2: v=21 e=0000 i=0 cpl=0 IP=0028:ffffffff80000106 pc=ffffffff80000106 SP=0030:ffff800007fb5ff0 env->regs[R_EAX]=0000000000000320
RAX=0000000000000320 RBX=0000000000000000 RCX=0000000000000007 RDX=0000000000000000
RSI=00000000ffffffff RDI=000000000000000a RBP=ffff800007fb5ff0 RSP=ffff800007fb5ff0
R8 =0000000000000000 R9 =0000000000000000 R10=0000000000000000 R11=0000000000000000
R12=0000000000000000 R13=0000000000000000 R14=0000000000000000 R15=0000000000000000
RIP=ffffffff80000106 RFL=00000216 [----AP-] CPL=0 II=0 A20=1 SMM=0 HLT=0
ES =0030 0000000000000000 00000000 00009300 DPL=0 DS   [-WA]
CS =0028 0000000000000000 00000000 00209b00 DPL=0 CS64 [-RA]
SS =0030 0000000000000000 00000000 00009300 DPL=0 DS   [-WA]
DS =0030 0000000000000000 00000000 00009300 DPL=0 DS   [-WA]
FS =0030 0000000000000000 00000000 00009300 DPL=0 DS   [-WA]
GS =0030 0000000000000000 00000000 00009300 DPL=0 DS   [-WA]
LDT=0000 0000000000000000 00000000 00008200 DPL=0 LDT
TR =0038 0000000000000000 00000000 00008900 DPL=0 TSS64-avl
GDT=     ffff800000016168 00000047
IDT=     ffffffff80004040 00000fff
CR0=80010011 CR2=0000000000000000 CR3=0000000007fa5000 CR4=00000020
DR0=0000000000000000 DR1=0000000000000000 DR2=0000000000000000 DR3=0000000000000000 
DR6=00000000ffff0ff0 DR7=0000000000000400
CCS=0000000000000014 CCD=ffff800007fb5f50 CCO=EFLAGS
EFER=0000000000000d00
Servicing hardware INT=0x21
     3: v=21 e=0000 i=0 cpl=0 IP=0028:ffffffff80000106 pc=ffffffff80000106 SP=0030:ffff800007fb5ff0 env->regs[R_EAX]=0000000000000320
RAX=0000000000000320 RBX=0000000000000000 RCX=0000000000000007 RDX=0000000000000000
RSI=00000000ffffffff RDI=000000000000000a RBP=ffff800007fb5ff0 RSP=ffff800007fb5ff0
R8 =0000000000000000 R9 =0000000000000000 R10=0000000000000000 R11=0000000000000000
R12=0000000000000000 R13=0000000000000000 R14=0000000000000000 R15=0000000000000000
RIP=ffffffff80000106 RFL=00000216 [----AP-] CPL=0 II=0 A20=1 SMM=0 HLT=0
ES =0030 0000000000000000 00000000 00009300 DPL=0 DS   [-WA]
CS =0028 0000000000000000 00000000 00209b00 DPL=0 CS64 [-RA]
SS =0030 0000000000000000 00000000 00009300 DPL=0 DS   [-WA]
DS =0030 0000000000000000 00000000 00009300 DPL=0 DS   [-WA]
FS =0030 0000000000000000 00000000 00009300 DPL=0 DS   [-WA]
GS =0030 0000000000000000 00000000 00009300 DPL=0 DS   [-WA]
LDT=0000 0000000000000000 00000000 00008200 DPL=0 LDT
TR =0038 0000000000000000 00000000 00008900 DPL=0 TSS64-avl
GDT=     ffff800000016168 00000047
IDT=     ffffffff80004040 00000fff
CR0=80010011 CR2=0000000000000000 CR3=0000000007fa5000 CR4=00000020
DR0=0000000000000000 DR1=0000000000000000 DR2=0000000000000000 DR3=0000000000000000 
DR6=00000000ffff0ff0 DR7=0000000000000400
CCS=0000000000000014 CCD=ffff800007fb5f50 CCO=EFLAGS
EFER=0000000000000d00
Servicing hardware INT=0x21
     4: v=21 e=0000 i=0 cpl=0 IP=0028:ffffffff80000106 pc=ffffffff80000106 SP=0030:ffff800007fb5ff0 env->regs[R_EAX]=0000000000000320
RAX=0000000000000320 RBX=0000000000000000 RCX=0000000000000007 RDX=0000000000000000
RSI=00000000ffffffff RDI=000000000000000a RBP=ffff800007fb5ff0 RSP=ffff800007fb5ff0
R8 =0000000000000000 R9 =0000000000000000 R10=0000000000000000 R11=0000000000000000
R12=0000000000000000 R13=0000000000000000 R14=0000000000000000 R15=0000000000000000
RIP=ffffffff80000106 RFL=00000216 [----AP-] CPL=0 II=0 A20=1 SMM=0 HLT=0
ES =0030 0000000000000000 00000000 00009300 DPL=0 DS   [-WA]
CS =0028 0000000000000000 00000000 00209b00 DPL=0 CS64 [-RA]
SS =0030 0000000000000000 00000000 00009300 DPL=0 DS   [-WA]
DS =0030 0000000000000000 00000000 00009300 DPL=0 DS   [-WA]
FS =0030 0000000000000000 00000000 00009300 DPL=0 DS   [-WA]
GS =0030 0000000000000000 00000000 00009300 DPL=0 DS   [-WA]
LDT=0000 0000000000000000 00000000 00008200 DPL=0 LDT
TR =0038 0000000000000000 00000000 00008900 DPL=0 TSS64-avl
GDT=     ffff800000016168 00000047
IDT=     ffffffff80004040 00000fff
CR0=80010011 CR2=0000000000000000 CR3=0000000007fa5000 CR4=00000020
DR0=0000000000000000 DR1=0000000000000000 DR2=0000000000000000 DR3=0000000000000000 
DR6=00000000ffff0ff0 DR7=0000000000000400
CCS=0000000000000014 CCD=ffff800007fb5f50 CCO=EFLAGS
EFER=0000000000000d00
Servicing hardware INT=0x21
     5: v=21 e=0000 i=0 cpl=0 IP=0028:ffffffff80000106 pc=ffffffff80000106 SP=0030:ffff800007fb5ff0 env->regs[R_EAX]=0000000000000320
RAX=0000000000000320 RBX=0000000000000000 RCX=0000000000000007 RDX=0000000000000000
RSI=00000000ffffffff RDI=000000000000000a RBP=ffff800007fb5ff0 RSP=ffff800007fb5ff0
R8 =0000000000000000 R9 =0000000000000000 R10=0000000000000000 R11=0000000000000000
R12=0000000000000000 R13=0000000000000000 R14=0000000000000000 R15=0000000000000000
RIP=ffffffff80000106 RFL=00000216 [----AP-] CPL=0 II=0 A20=1 SMM=0 HLT=0
ES =0030 0000000000000000 00000000 00009300 DPL=0 DS   [-WA]
CS =0028 0000000000000000 00000000 00209b00 DPL=0 CS64 [-RA]
SS =0030 0000000000000000 00000000 00009300 DPL=0 DS   [-WA]
DS =0030 0000000000000000 00000000 00009300 DPL=0 DS   [-WA]
FS =0030 0000000000000000 00000000 00009300 DPL=0 DS   [-WA]
GS =0030 0000000000000000 00000000 00009300 DPL=0 DS   [-WA]
LDT=0000 0000000000000000 00000000 00008200 DPL=0 LDT
TR =0038 0000000000000000 00000000 00008900 DPL=0 TSS64-avl
GDT=     ffff800000016168 00000047
IDT=     ffffffff80004040 00000fff
CR0=80010011 CR2=0000000000000000 CR3=0000000007fa5000 CR4=00000020
DR0=0000000000000000 DR1=0000000000000000 DR2=0000000000000000 DR3=0000000000000000 
DR6=00000000ffff0ff0 DR7=0000000000000400
CCS=0000000000000014 CCD=ffff800007fb5f50 CCO=EFLAGS
EFER=0000000000000d00
Servicing hardware INT=0x21
     6: v=21 e=0000 i=0 cpl=0 IP=0028:ffffffff80000106 pc=ffffffff80000106 SP=0030:ffff800007fb5ff0 env->regs[R_EAX]=0000000000000320
RAX=0000000000000320 RBX=0000000000000000 RCX=0000000000000007 RDX=0000000000000000
RSI=00000000ffffffff RDI=000000000000000a RBP=ffff800007fb5ff0 RSP=ffff800007fb5ff0
R8 =0000000000000000 R9 =0000000000000000 R10=0000000000000000 R11=0000000000000000
R12=0000000000000000 R13=0000000000000000 R14=0000000000000000 R15=0000000000000000
RIP=ffffffff80000106 RFL=00000216 [----AP-] CPL=0 II=0 A20=1 SMM=0 HLT=0
ES =0030 0000000000000000 00000000 00009300 DPL=0 DS   [-WA]
CS =0028 0000000000000000 00000000 00209b00 DPL=0 CS64 [-RA]
SS =0030 0000000000000000 00000000 00009300 DPL=0 DS   [-WA]
DS =0030 0000000000000000 00000000 00009300 DPL=0 DS   [-WA]
FS =0030 0000000000000000 00000000 00009300 DPL=0 DS   [-WA]
GS =0030 0000000000000000 00000000 00009300 DPL=0 DS   [-WA]
LDT=0000 0000000000000000 00000000 00008200 DPL=0 LDT
TR =0038 0000000000000000 00000000 00008900 DPL=0 TSS64-avl
GDT=     ffff800000016168 00000047
IDT=     ffffffff80004040 00000fff
CR0=80010011 CR2=0000000000000000 CR3=0000000007fa5000 CR4=00000020
DR0=0000000000000000 DR1=0000000000000000 DR2=0000000000000000 DR3=0000000000000000 
DR6=00000000ffff0ff0 DR7=0000000000000400
CCS=0000000000000014 CCD=ffff800007fb5f50 CCO=EFLAGS
EFER=0000000000000d00
Servicing hardware INT=0x21
     7: v=21 e=0000 i=0 cpl=0 IP=0028:ffffffff80000106 pc=ffffffff80000106 SP=0030:ffff800007fb5ff0 env->regs[R_EAX]=0000000000000320
RAX=0000000000000320 RBX=0000000000000000 RCX=0000000000000007 RDX=0000000000000000
RSI=00000000ffffffff RDI=000000000000000a RBP=ffff800007fb5ff0 RSP=ffff800007fb5ff0
R8 =0000000000000000 R9 =0000000000000000 R10=0000000000000000 R11=0000000000000000
R12=0000000000000000 R13=0000000000000000 R14=0000000000000000 R15=0000000000000000
RIP=ffffffff80000106 RFL=00000216 [----AP-] CPL=0 II=0 A20=1 SMM=0 HLT=0
ES =0030 0000000000000000 00000000 00009300 DPL=0 DS   [-WA]
CS =0028 0000000000000000 00000000 00209b00 DPL=0 CS64 [-RA]
SS =0030 0000000000000000 00000000 00009300 DPL=0 DS   [-WA]
DS =0030 0000000000000000 00000000 00009300 DPL=0 DS   [-WA]
FS =0030 0000000000000000 00000000 00009300 DPL=0 DS   [-WA]
GS =0030 0000000000000000 00000000 00009300 DPL=0 DS   [-WA]
LDT=0000 0000000000000000 00000000 00008200 DPL=0 LDT
TR =0038 0000000000000000 00000000 00008900 DPL=0 TSS64-avl
GDT=     ffff800000016168 00000047
IDT=     ffffffff80004040 00000fff
CR0=80010011 CR2=0000000000000000 CR3=0000000007fa5000 CR4=00000020
DR0=0000000000000000 DR1=0000000000000000 DR2=0000000000000000 DR3=0000000000000000 
DR6=00000000ffff0ff0 DR7=0000000000000400
CCS=0000000000000014 CCD=ffff800007fb5f50 CCO=EFLAGS
EFER=0000000000000d00
Servicing hardware INT=0x21
     8: v=21 e=0000 i=0 cpl=0 IP=0028:ffffffff80000106 pc=ffffffff80000106 SP=0030:ffff800007fb5ff0 env->regs[R_EAX]=0000000000000320
RAX=0000000000000320 RBX=0000000000000000 RCX=0000000000000007 RDX=0000000000000000
RSI=00000000ffffffff RDI=000000000000000a RBP=ffff800007fb5ff0 RSP=ffff800007fb5ff0
R8 =0000000000000000 R9 =0000000000000000 R10=0000000000000000 R11=0000000000000000
R12=0000000000000000 R13=0000000000000000 R14=0000000000000000 R15=0000000000000000
RIP=ffffffff80000106 RFL=00000216 [----AP-] CPL=0 II=0 A20=1 SMM=0 HLT=0
ES =0030 0000000000000000 00000000 00009300 DPL=0 DS   [-WA]
CS =0028 0000000000000000 00000000 00209b00 DPL=0 CS64 [-RA]
SS =0030 0000000000000000 00000000 00009300 DPL=0 DS   [-WA]
DS =0030 0000000000000000 00000000 00009300 DPL=0 DS   [-WA]
FS =0030 0000000000000000 00000000 00009300 DPL=0 DS   [-WA]
GS =0030 0000000000000000 00000000 00009300 DPL=0 DS   [-WA]
LDT=0000 0000000000000000 00000000 00008200 DPL=0 LDT
TR =0038 0000000000000000 00000000 00008900 DPL=0 TSS64-avl
GDT=     ffff800000016168 00000047
IDT=     ffffffff80004040 00000fff
CR0=80010011 CR2=0000000000000000 CR3=0000000007fa5000 CR4=00000020
DR0=0000000000000000 DR1=0000000000000000 DR2=0000000000000000 DR3=0000000000000000 
DR6=00000000ffff0ff0 DR7=0000000000000400
CCS=0000000000000014 CCD=ffff800007fb5f50 CCO=EFLAGS
EFER=0000000000000d00
Servicing hardware INT=0x21
     9: v=21 e=0000 i=0 cpl=0 IP=0028:ffffffff80000106 pc=ffffffff80000106 SP=0030:ffff800007fb5ff0 env->regs[R_EAX]=0000000000000320
RAX=0000000000000320 RBX=0000000000000000 RCX=0000000000000007 RDX=0000000000000000
RSI=00000000ffffffff RDI=000000000000000a RBP=ffff800007fb5ff0 RSP=ffff800007fb5ff0
R8 =0000000000000000 R9 =0000000000000000 R10=0000000000000000 R11=0000000000000000
R12=0000000000000000 R13=0000000000000000 R14=0000000000000000 R15=0000000000000000
RIP=ffffffff80000106 RFL=00000216 [----AP-] CPL=0 II=0 A20=1 SMM=0 HLT=0
ES =0030 0000000000000000 00000000 00009300 DPL=0 DS   [-WA]
CS =0028 0000000000000000 00000000 00209b00 DPL=0 CS64 [-RA]
SS =0030 0000000000000000 00000000 00009300 DPL=0 DS   [-WA]
DS =0030 0000000000000000 00000000 00009300 DPL=0 DS   [-WA]
FS =0030 0000000000000000 00000000 00009300 DPL=0 DS   [-WA]
GS =0030 0000000000000000 00000000 00009300 DPL=0 DS   [-WA]
LDT=0000 0000000000000000 00000000 00008200 DPL=0 LDT
TR =0038 0000000000000000 00000000 00008900 DPL=0 TSS64-avl
GDT=     ffff800000016168 00000047
IDT=     ffffffff80004040 00000fff
CR0=80010011 CR2=0000000000000000 CR3=0000000007fa5000 CR4=00000020
DR0=0000000000000000 DR1=0000000000000000 DR2=0000000000000000 DR3=0000000000000000 
DR6=00000000ffff0ff0 DR7=0000000000000400
CCS=0000000000000014 CCD=ffff800007fb5f50 CCO=EFLAGS
EFER=0000000000000d00
Servicing hardware INT=0x21
    10: v=21 e=0000 i=0 cpl=0 IP=0028:ffffffff80000106 pc=ffffffff80000106 SP=0030:ffff800007fb5ff0 env->regs[R_EAX]=0000000000000320
RAX=0000000000000320 RBX=0000000000000000 RCX=0000000000000007 RDX=0000000000000000
RSI=00000000ffffffff RDI=000000000000000a RBP=ffff800007fb5ff0 RSP=ffff800007fb5ff0
R8 =0000000000000000 R9 =0000000000000000 R10=0000000000000000 R11=0000000000000000
R12=0000000000000000 R13=0000000000000000 R14=0000000000000000 R15=0000000000000000
RIP=ffffffff80000106 RFL=00000216 [----AP-] CPL=0 II=0 A20=1 SMM=0 HLT=0
ES =0030 0000000000000000 00000000 00009300 DPL=0 DS   [-WA]
CS =0028 0000000000000000 00000000 00209b00 DPL=0 CS64 [-RA]
SS =0030 0000000000000000 00000000 00009300 DPL=0 DS   [-WA]
DS =0030 0000000000000000 00000000 00009300 DPL=0 DS   [-WA]
FS =0030 0000000000000000 00000000 00009300 DPL=0 DS   [-WA]
GS =0030 0000000000000000 00000000 00009300 DPL=0 DS   [-WA]
LDT=0000 0000000000000000 00000000 00008200 DPL=0 LDT
TR =0038 0000000000000000 00000000 00008900 DPL=0 TSS64-avl
GDT=     ffff800000016168 00000047
IDT=     ffffffff80004040 00000fff
CR0=80010011 CR2=0000000000000000 CR3=0000000007fa5000 CR4=00000020
DR0=0000000000000000 DR1=0000000000000000 DR2=0000000000000000 DR3=0000000000000000 
DR6=00000000ffff0ff0 DR7=0000000000000400
CCS=0000000000000014 CCD=ffff800007fb5f50 CCO=EFLAGS
EFER=0000000000000d00
Servicing hardware INT=0x21
    11: v=21 e=0000 i=0 cpl=0 IP=0028:ffffffff80000106 pc=ffffffff80000106 SP=0030:ffff800007fb5ff0 env->regs[R_EAX]=0000000000000320
RAX=0000000000000320 RBX=0000000000000000 RCX=0000000000000007 RDX=0000000000000000
RSI=00000000ffffffff RDI=000000000000000a RBP=ffff800007fb5ff0 RSP=ffff800007fb5ff0
R8 =0000000000000000 R9 =0000000000000000 R10=0000000000000000 R11=0000000000000000
R12=0000000000000000 R13=0000000000000000 R14=0000000000000000 R15=0000000000000000
RIP=ffffffff80000106 RFL=00000216 [----AP-] CPL=0 II=0 A20=1 SMM=0 HLT=0
ES =0030 0000000000000000 00000000 00009300 DPL=0 DS   [-WA]
CS =0028 0000000000000000 00000000 00209b00 DPL=0 CS64 [-RA]
SS =0030 0000000000000000 00000000 00009300 DPL=0 DS   [-WA]
DS =0030 0000000000000000 00000000 00009300 DPL=0 DS   [-WA]
FS =0030 0000000000000000 00000000 00009300 DPL=0 DS   [-WA]
GS =0030 0000000000000000 00000000 00009300 DPL=0 DS   [-WA]
LDT=0000 0000000000000000 00000000 00008200 DPL=0 LDT
TR =0038 0000000000000000 00000000 00008900 DPL=0 TSS64-avl
GDT=     ffff800000016168 00000047
IDT=     ffffffff80004040 00000fff
CR0=80010011 CR2=0000000000000000 CR3=0000000007fa5000 CR4=00000020
DR0=0000000000000000 DR1=0000000000000000 DR2=0000000000000000 DR3=0000000000000000 
DR6=00000000ffff0ff0 DR7=0000000000000400
CCS=0000000000000014 CCD=ffff800007fb5f50 CCO=EFLAGS
EFER=0000000000000d00
Servicing hardware INT=0x21
    12: v=21 e=0000 i=0 cpl=0 IP=0028:ffffffff80000106 pc=ffffffff80000106 SP=0030:ffff800007fb5ff0 env->regs[R_EAX]=0000000000000320
RAX=0000000000000320 RBX=0000000000000000 RCX=0000000000000007 RDX=0000000000000000
RSI=00000000ffffffff RDI=000000000000000a RBP=ffff800007fb5ff0 RSP=ffff800007fb5ff0
R8 =0000000000000000 R9 =0000000000000000 R10=0000000000000000 R11=0000000000000000
R12=0000000000000000 R13=0000000000000000 R14=0000000000000000 R15=0000000000000000
RIP=ffffffff80000106 RFL=00000216 [----AP-] CPL=0 II=0 A20=1 SMM=0 HLT=0
ES =0030 0000000000000000 00000000 00009300 DPL=0 DS   [-WA]
CS =0028 0000000000000000 00000000 00209b00 DPL=0 CS64 [-RA]
SS =0030 0000000000000000 00000000 00009300 DPL=0 DS   [-WA]
DS =0030 0000000000000000 00000000 00009300 DPL=0 DS   [-WA]
FS =0030 0000000000000000 00000000 00009300 DPL=0 DS   [-WA]
GS =0030 0000000000000000 00000000 00009300 DPL=0 DS   [-WA]
LDT=0000 0000000000000000 00000000 00008200 DPL=0 LDT
TR =0038 0000000000000000 00000000 00008900 DPL=0 TSS64-avl
GDT=     ffff800000016168 00000047
IDT=     ffffffff80004040 00000fff
CR0=80010011 CR2=0000000000000000 CR3=0000000007fa5000 CR4=00000020
DR0=0000000000000000 DR1=0000000000000000 DR2=0000000000000000 DR3=0000000000000000 
DR6=00000000ffff0ff0 DR7=0000000000000400
CCS=0000000000000014 CCD=ffff800007fb5f50 CCO=EFLAGS
EFER=0000000000000d00
Servicing hardware INT=0x21
    13: v=21 e=0000 i=0 cpl=0 IP=0028:ffffffff80000106 pc=ffffffff80000106 SP=0030:ffff800007fb5ff0 env->regs[R_EAX]=0000000000000320
RAX=0000000000000320 RBX=0000000000000000 RCX=0000000000000007 RDX=0000000000000000
RSI=00000000ffffffff RDI=000000000000000a RBP=ffff800007fb5ff0 RSP=ffff800007fb5ff0
R8 =0000000000000000 R9 =0000000000000000 R10=0000000000000000 R11=0000000000000000
R12=0000000000000000 R13=0000000000000000 R14=0000000000000000 R15=0000000000000000
RIP=ffffffff80000106 RFL=00000216 [----AP-] CPL=0 II=0 A20=1 SMM=0 HLT=0
ES =0030 0000000000000000 00000000 00009300 DPL=0 DS   [-WA]
CS =0028 0000000000000000 00000000 00209b00 DPL=0 CS64 [-RA]
SS =0030 0000000000000000 00000000 00009300 DPL=0 DS   [-WA]
DS =0030 0000000000000000 00000000 00009300 DPL=0 DS   [-WA]
FS =0030 0000000000000000 00000000 00009300 DPL=0 DS   [-WA]
GS =0030 0000000000000000 00000000 00009300 DPL=0 DS   [-WA]
LDT=0000 0000000000000000 00000000 00008200 DPL=0 LDT
TR =0038 0000000000000000 00000000 00008900 DPL=0 TSS64-avl
GDT=     ffff800000016168 00000047
IDT=     ffffffff80004040 00000fff
CR0=80010011 CR2=0000000000000000 CR3=0000000007fa5000 CR4=00000020
DR0=0000000000000000 DR1=0000000000000000 DR2=0000000000000000 DR3=0000000000000000 
DR6=00000000ffff0ff0 DR7=0000000000000400
CCS=0000000000000014 CCD=ffff800007fb5f50 CCO=EFLAGS
EFER=0000000000000d00
Servicing hardware INT=0x21
    14: v=21 e=0000 i=0 cpl=0 IP=0028:ffffffff80000106 pc=ffffffff80000106 SP=0030:ffff800007fb5ff0 env->regs[R_EAX]=0000000000000320
RAX=0000000000000320 RBX=0000000000000000 RCX=0000000000000007 RDX=0000000000000000
RSI=00000000ffffffff RDI=000000000000000a RBP=ffff800007fb5ff0 RSP=ffff800007fb5ff0
R8 =0000000000000000 R9 =0000000000000000 R10=0000000000000000 R11=0000000000000000
R12=0000000000000000 R13=0000000000000000 R14=0000000000000000 R15=0000000000000000
RIP=ffffffff80000106 RFL=00000216 [----AP-] CPL=0 II=0 A20=1 SMM=0 HLT=0
ES =0030 0000000000000000 00000000 00009300 DPL=0 DS   [-WA]
CS =0028 0000000000000000 00000000 00209b00 DPL=0 CS64 [-RA]
SS =0030 0000000000000000 00000000 00009300 DPL=0 DS   [-WA]
DS =0030 0000000000000000 00000000 00009300 DPL=0 DS   [-WA]
FS =0030 0000000000000000 00000000 00009300 DPL=0 DS   [-WA]
GS =0030 0000000000000000 00000000 00009300 DPL=0 DS   [-WA]
LDT=0000 0000000000000000 00000000 00008200 DPL=0 LDT
TR =0038 0000000000000000 00000000 00008900 DPL=0 TSS64-avl
GDT=     ffff800000016168 00000047
IDT=     ffffffff80004040 00000fff
CR0=80010011 CR2=0000000000000000 CR3=0000000007fa5000 CR4=00000020
DR0=0000000000000000 DR1=0000000000000000 DR2=0000000000000000 DR3=0000000000000000 
DR6=00000000ffff0ff0 DR7=0000000000000400
CCS=0000000000000014 CCD=ffff800007fb5f50 CCO=EFLAGS
EFER=0000000000000d00
Servicing hardware INT=0x21
    15: v=21 e=0000 i=0 cpl=0 IP=0028:ffffffff80000106 pc=ffffffff80000106 SP=0030:ffff800007fb5ff0 env->regs[R_EAX]=0000000000000320
RAX=0000000000000320 RBX=0000000000000000 RCX=0000000000000007 RDX=0000000000000000
RSI=00000000ffffffff RDI=000000000000000a RBP=ffff800007fb5ff0 RSP=ffff800007fb5ff0
R8 =0000000000000000 R9 =0000000000000000 R10=0000000000000000 R11=0000000000000000
R12=0000000000000000 R13=0000000000000000 R14=0000000000000000 R15=0000000000000000
RIP=ffffffff80000106 RFL=00000216 [----AP-] CPL=0 II=0 A20=1 SMM=0 HLT=0
ES =0030 0000000000000000 00000000 00009300 DPL=0 DS   [-WA]
CS =0028 0000000000000000 00000000 00209b00 DPL=0 CS64 [-RA]
SS =0030 0000000000000000 00000000 00009300 DPL=0 DS   [-WA]
DS =0030 0000000000000000 00000000 00009300 DPL=0 DS   [-WA]
FS =0030 0000000000000000 00000000 00009300 DPL=0 DS   [-WA]
GS =0030 0000000000000000 00000000 00009300 DPL=0 DS   [-WA]
LDT=0000 0000000000000000 00000000 00008200 DPL=0 LDT
TR =0038 0000000000000000 00000000 00008900 DPL=0 TSS64-avl
GDT=     ffff800000016168 00000047
IDT=     ffffffff80004040 00000fff
CR0=80010011 CR2=0000000000000000 CR3=0000000007fa5000 CR4=00000020
DR0=0000000000000000 DR1=0000000000000000 DR2=0000000000000000 DR3=0000000000000000 
DR6=00000000ffff0ff0 DR7=0000000000000400
CCS=0000000000000014 CCD=ffff800007fb5f50 CCO=EFLAGS
EFER=0000000000000d00
Servicing hardware INT=0x21
    16: v=21 e=0000 i=0 cpl=0 IP=0028:ffffffff80000106 pc=ffffffff80000106 SP=0030:ffff800007fb5ff0 env->regs[R_EAX]=0000000000000320
RAX=0000000000000320 RBX=0000000000000000 RCX=0000000000000007 RDX=0000000000000000
RSI=00000000ffffffff RDI=000000000000000a RBP=ffff800007fb5ff0 RSP=ffff800007fb5ff0
R8 =0000000000000000 R9 =0000000000000000 R10=0000000000000000 R11=0000000000000000
R12=0000000000000000 R13=0000000000000000 R14=0000000000000000 R15=0000000000000000
RIP=ffffffff80000106 RFL=00000216 [----AP-] CPL=0 II=0 A20=1 SMM=0 HLT=0
ES =0030 0000000000000000 00000000 00009300 DPL=0 DS   [-WA]
CS =0028 0000000000000000 00000000 00209b00 DPL=0 CS64 [-RA]
SS =0030 0000000000000000 00000000 00009300 DPL=0 DS   [-WA]
DS =0030 0000000000000000 00000000 00009300 DPL=0 DS   [-WA]
FS =0030 0000000000000000 00000000 00009300 DPL=0 DS   [-WA]
GS =0030 0000000000000000 00000000 00009300 DPL=0 DS   [-WA]
LDT=0000 0000000000000000 00000000 00008200 DPL=0 LDT
TR =0038 0000000000000000 00000000 00008900 DPL=0 TSS64-avl
GDT=     ffff800000016168 00000047
IDT=     ffffffff80004040 00000fff
CR0=80010011 CR2=0000000000000000 CR3=0000000007fa5000 CR4=00000020
DR0=0000000000000000 DR1=0000000000000000 DR2=0000000000000000 DR3=0000000000000000 
DR6=00000000ffff0ff0 DR7=0000000000000400
CCS=0000000000000014 CCD=ffff800007fb5f50 CCO=EFLAGS
EFER=0000000000000d00
Servicing hardware INT=0x21
    17: v=21 e=0000 i=0 cpl=0 IP=0028:ffffffff80000106 pc=ffffffff80000106 SP=0030:ffff800007fb5ff0 env->regs[R_EAX]=0000000000000320
RAX=0000000000000320 RBX=0000000000000000 RCX=0000000000000007 RDX=0000000000000000
RSI=00000000ffffffff RDI=000000000000000a RBP=ffff800007fb5ff0 RSP=ffff800007fb5ff0
R8 =0000000000000000 R9 =0000000000000000 R10=0000000000000000 R11=0000000000000000
R12=0000000000000000 R13=0000000000000000 R14=0000000000000000 R15=0000000000000000
RIP=ffffffff80000106 RFL=00000216 [----AP-] CPL=0 II=0 A20=1 SMM=0 HLT=0
ES =0030 0000000000000000 00000000 00009300 DPL=0 DS   [-WA]
CS =0028 0000000000000000 00000000 00209b00 DPL=0 CS64 [-RA]
SS =0030 0000000000000000 00000000 00009300 DPL=0 DS   [-WA]
DS =0030 0000000000000000 00000000 00009300 DPL=0 DS   [-WA]
FS =0030 0000000000000000 00000000 00009300 DPL=0 DS   [-WA]
GS =0030 0000000000000000 00000000 00009300 DPL=0 DS   [-WA]
LDT=0000 0000000000000000 00000000 00008200 DPL=0 LDT
TR =0038 0000000000000000 00000000 00008900 DPL=0 TSS64-avl
GDT=     ffff800000016168 00000047
IDT=     ffffffff80004040 00000fff
CR0=80010011 CR2=0000000000000000 CR3=0000000007fa5000 CR4=00000020
DR0=0000000000000000 DR1=0000000000000000 DR2=0000000000000000 DR3=0000000000000000 
DR6=00000000ffff0ff0 DR7=0000000000000400
CCS=0000000000000014 CCD=ffff800007fb5f50 CCO=EFLAGS
EFER=0000000000000d00
Servicing hardware INT=0x21
    18: v=21 e=0000 i=0 cpl=0 IP=0028:ffffffff80000106 pc=ffffffff80000106 SP=0030:ffff800007fb5ff0 env->regs[R_EAX]=0000000000000320
RAX=0000000000000320 RBX=0000000000000000 RCX=0000000000000007 RDX=0000000000000000
RSI=00000000ffffffff RDI=000000000000000a RBP=ffff800007fb5ff0 RSP=ffff800007fb5ff0
R8 =0000000000000000 R9 =0000000000000000 R10=0000000000000000 R11=0000000000000000
R12=0000000000000000 R13=0000000000000000 R14=0000000000000000 R15=0000000000000000
RIP=ffffffff80000106 RFL=00000216 [----AP-] CPL=0 II=0 A20=1 SMM=0 HLT=0
ES =0030 0000000000000000 00000000 00009300 DPL=0 DS   [-WA]
CS =0028 0000000000000000 00000000 00209b00 DPL=0 CS64 [-RA]
SS =0030 0000000000000000 00000000 00009300 DPL=0 DS   [-WA]
DS =0030 0000000000000000 00000000 00009300 DPL=0 DS   [-WA]
FS =0030 0000000000000000 00000000 00009300 DPL=0 DS   [-WA]
GS =0030 0000000000000000 00000000 00009300 DPL=0 DS   [-WA]
LDT=0000 0000000000000000 00000000 00008200 DPL=0 LDT
TR =0038 0000000000000000 00000000 00008900 DPL=0 TSS64-avl
GDT=     ffff800000016168 00000047
IDT=     ffffffff80004040 00000fff
CR0=80010011 CR2=0000000000000000 CR3=0000000007fa5000 CR4=00000020
DR0=0000000000000000 DR1=0000000000000000 DR2=0000000000000000 DR3=0000000000000000 
DR6=00000000ffff0ff0 DR7=0000000000000400
CCS=0000000000000014 CCD=ffff800007fb5f50 CCO=EFLAGS
EFER=0000000000000d00
Servicing hardware INT=0x21
    19: v=21 e=0000 i=0 cpl=0 IP=0028:ffffffff80000106 pc=ffffffff80000106 SP=0030:ffff800007fb5ff0 env->regs[R_EAX]=0000000000000320
RAX=0000000000000320 RBX=0000000000000000 RCX=0000000000000007 RDX=0000000000000000
RSI=00000000ffffffff RDI=000000000000000a RBP=ffff800007fb5ff0 RSP=ffff800007fb5ff0
R8 =0000000000000000 R9 =0000000000000000 R10=0000000000000000 R11=0000000000000000
R12=0000000000000000 R13=0000000000000000 R14=0000000000000000 R15=0000000000000000
RIP=ffffffff80000106 RFL=00000216 [----AP-] CPL=0 II=0 A20=1 SMM=0 HLT=0
ES =0030 0000000000000000 00000000 00009300 DPL=0 DS   [-WA]
CS =0028 0000000000000000 00000000 00209b00 DPL=0 CS64 [-RA]
SS =0030 0000000000000000 00000000 00009300 DPL=0 DS   [-WA]
DS =0030 0000000000000000 00000000 00009300 DPL=0 DS   [-WA]
FS =0030 0000000000000000 00000000 00009300 DPL=0 DS   [-WA]
GS =0030 0000000000000000 00000000 00009300 DPL=0 DS   [-WA]
LDT=0000 0000000000000000 00000000 00008200 DPL=0 LDT
TR =0038 0000000000000000 00000000 00008900 DPL=0 TSS64-avl
GDT=     ffff800000016168 00000047
IDT=     ffffffff80004040 00000fff
CR0=80010011 CR2=0000000000000000 CR3=0000000007fa5000 CR4=00000020
DR0=0000000000000000 DR1=0000000000000000 DR2=0000000000000000 DR3=0000000000000000 
DR6=00000000ffff0ff0 DR7=0000000000000400
CCS=0000000000000014 CCD=ffff800007fb5f50 CCO=EFLAGS
EFER=0000000000000d00
Servicing hardware INT=0x21
    20: v=21 e=0000 i=0 cpl=0 IP=0028:ffffffff80000106 pc=ffffffff80000106 SP=0030:ffff800007fb5ff0 env->regs[R_EAX]=0000000000000320
RAX=0000000000000320 RBX=0000000000000000 RCX=0000000000000007 RDX=0000000000000000
RSI=00000000ffffffff RDI=000000000000000a RBP=ffff800007fb5ff0 RSP=ffff800007fb5ff0
R8 =0000000000000000 R9 =0000000000000000 R10=0000000000000000 R11=0000000000000000
R12=0000000000000000 R13=0000000000000000 R14=0000000000000000 R15=0000000000000000
RIP=ffffffff80000106 RFL=00000216 [----AP-] CPL=0 II=0 A20=1 SMM=0 HLT=0
ES =0030 0000000000000000 00000000 00009300 DPL=0 DS   [-WA]
CS =0028 0000000000000000 00000000 00209b00 DPL=0 CS64 [-RA]
SS =0030 0000000000000000 00000000 00009300 DPL=0 DS   [-WA]
DS =0030 0000000000000000 00000000 00009300 DPL=0 DS   [-WA]
FS =0030 0000000000000000 00000000 00009300 DPL=0 DS   [-WA]
GS =0030 0000000000000000 00000000 00009300 DPL=0 DS   [-WA]
LDT=0000 0000000000000000 00000000 00008200 DPL=0 LDT
TR =0038 0000000000000000 00000000 00008900 DPL=0 TSS64-avl
GDT=     ffff800000016168 00000047
IDT=     ffffffff80004040 00000fff
CR0=80010011 CR2=0000000000000000 CR3=0000000007fa5000 CR4=00000020
DR0=0000000000000000 DR1=0000000000000000 DR2=0000000000000000 DR3=0000000000000000 
DR6=00000000ffff0ff0 DR7=0000000000000400
CCS=0000000000000014 CCD=ffff800007fb5f50 CCO=EFLAGS
EFER=0000000000000d00
Servicing hardware INT=0x21
    21: v=21 e=0000 i=0 cpl=0 IP=0028:ffffffff80000106 pc=ffffffff80000106 SP=0030:ffff800007fb5ff0 env->regs[R_EAX]=0000000000000320
RAX=0000000000000320 RBX=0000000000000000 RCX=0000000000000007 RDX=0000000000000000
RSI=00000000ffffffff RDI=000000000000000a RBP=ffff800007fb5ff0 RSP=ffff800007fb5ff0
R8 =0000000000000000 R9 =0000000000000000 R10=0000000000000000 R11=0000000000000000
R12=0000000000000000 R13=0000000000000000 R14=0000000000000000 R15=0000000000000000
RIP=ffffffff80000106 RFL=00000216 [----AP-] CPL=0 II=0 A20=1 SMM=0 HLT=0
ES =0030 0000000000000000 00000000 00009300 DPL=0 DS   [-WA]
CS =0028 0000000000000000 00000000 00209b00 DPL=0 CS64 [-RA]
SS =0030 0000000000000000 00000000 00009300 DPL=0 DS   [-WA]
DS =0030 0000000000000000 00000000 00009300 DPL=0 DS   [-WA]
FS =0030 0000000000000000 00000000 00009300 DPL=0 DS   [-WA]
GS =0030 0000000000000000 00000000 00009300 DPL=0 DS   [-WA]
LDT=0000 0000000000000000 00000000 00008200 DPL=0 LDT
TR =0038 0000000000000000 00000000 00008900 DPL=0 TSS64-avl
GDT=     ffff800000016168 00000047
IDT=     ffffffff80004040 00000fff
CR0=80010011 CR2=0000000000000000 CR3=0000000007fa5000 CR4=00000020
DR0=0000000000000000 DR1=0000000000000000 DR2=0000000000000000 DR3=0000000000000000 
DR6=00000000ffff0ff0 DR7=0000000000000400
CCS=0000000000000014 CCD=ffff800007fb5f50 CCO=EFLAGS
EFER=0000000000000d00
Servicing hardware INT=0x21
    22: v=21 e=0000 i=0 cpl=0 IP=0028:ffffffff80000106 pc=ffffffff80000106 SP=0030:ffff800007fb5ff0 env->regs[R_EAX]=0000000000000320
RAX=0000000000000320 RBX=0000000000000000 RCX=0000000000000007 RDX=0000000000000000
RSI=00000000ffffffff RDI=000000000000000a RBP=ffff800007fb5ff0 RSP=ffff800007fb5ff0
R8 =0000000000000000 R9 =0000000000000000 R10=0000000000000000 R11=0000000000000000
R12=0000000000000000 R13=0000000000000000 R14=0000000000000000 R15=0000000000000000
RIP=ffffffff80000106 RFL=00000216 [----AP-] CPL=0 II=0 A20=1 SMM=0 HLT=0
ES =0030 0000000000000000 00000000 00009300 DPL=0 DS   [-WA]
CS =0028 0000000000000000 00000000 00209b00 DPL=0 CS64 [-RA]
SS =0030 0000000000000000 00000000 00009300 DPL=0 DS   [-WA]
DS =0030 0000000000000000 00000000 00009300 DPL=0 DS   [-WA]
FS =0030 0000000000000000 00000000 00009300 DPL=0 DS   [-WA]
GS =0030 0000000000000000 00000000 00009300 DPL=0 DS   [-WA]
LDT=0000 0000000000000000 00000000 00008200 DPL=0 LDT
TR =0038 0000000000000000 00000000 00008900 DPL=0 TSS64-avl
GDT=     ffff800000016168 00000047
IDT=     ffffffff80004040 00000fff
CR0=80010011 CR2=0000000000000000 CR3=0000000007fa5000 CR4=00000020
DR0=0000000000000000 DR1=0000000000000000 DR2=0000000000000000 DR3=0000000000000000 
DR6=00000000ffff0ff0 DR7=0000000000000400
CCS=0000000000000014 CCD=ffff800007fb5f50 CCO=EFLAGS
EFER=0000000000000d00
Servicing hardware INT=0x21
    23: v=21 e=0000 i=0 cpl=0 IP=0028:ffffffff80000106 pc=ffffffff80000106 SP=0030:ffff800007fb5ff0 env->regs[R_EAX]=0000000000000320
RAX=0000000000000320 RBX=0000000000000000 RCX=0000000000000007 RDX=0000000000000000
RSI=00000000ffffffff RDI=000000000000000a RBP=ffff800007fb5ff0 RSP=ffff800007fb5ff0
R8 =0000000000000000 R9 =0000000000000000 R10=0000000000000000 R11=0000000000000000
R12=0000000000000000 R13=0000000000000000 R14=0000000000000000 R15=0000000000000000
RIP=ffffffff80000106 RFL=00000216 [----AP-] CPL=0 II=0 A20=1 SMM=0 HLT=0
ES =0030 0000000000000000 00000000 00009300 DPL=0 DS   [-WA]
CS =0028 0000000000000000 00000000 00209b00 DPL=0 CS64 [-RA]
SS =0030 0000000000000000 00000000 00009300 DPL=0 DS   [-WA]
DS =0030 0000000000000000 00000000 00009300 DPL=0 DS   [-WA]
FS =0030 0000000000000000 00000000 00009300 DPL=0 DS   [-WA]
GS =0030 0000000000000000 00000000 00009300 DPL=0 DS   [-WA]
LDT=0000 0000000000000000 00000000 00008200 DPL=0 LDT
TR =0038 0000000000000000 00000000 00008900 DPL=0 TSS64-avl
GDT=     ffff800000016168 00000047
IDT=     ffffffff80004040 00000fff
CR0=80010011 CR2=0000000000000000 CR3=0000000007fa5000 CR4=00000020
DR0=0000000000000000 DR1=0000000000000000 DR2=0000000000000000 DR3=0000000000000000 
DR6=00000000ffff0ff0 DR7=0000000000000400
CCS=0000000000000014 CCD=ffff800007fb5f50 CCO=EFLAGS
EFER=0000000000000d00
Servicing hardware INT=0x21
    24: v=21 e=0000 i=0 cpl=0 IP=0028:ffffffff80000106 pc=ffffffff80000106 SP=0030:ffff800007fb5ff0 env->regs[R_EAX]=0000000000000320
RAX=0000000000000320 RBX=0000000000000000 RCX=0000000000000007 RDX=0000000000000000
RSI=00000000ffffffff RDI=000000000000000a RBP=ffff800007fb5ff0 RSP=ffff800007fb5ff0
R8 =0000000000000000 R9 =0000000000000000 R10=0000000000000000 R11=0000000000000000
R12=0000000000000000 R13=0000000000000000 R14=0000000000000000 R15=0000000000000000
RIP=ffffffff80000106 RFL=00000216 [----AP-] CPL=0 II=0 A20=1 SMM=0 HLT=0
ES =0030 0000000000000000 00000000 00009300 DPL=0 DS   [-WA]
CS =0028 0000000000000000 00000000 00209b00 DPL=0 CS64 [-RA]
SS =0030 0000000000000000 00000000 00009300 DPL=0 DS   [-WA]
DS =0030 0000000000000000 00000000 00009300 DPL=0 DS   [-WA]
FS =0030 0000000000000000 00000000 00009300 DPL=0 DS   [-WA]
GS =0030 0000000000000000 00000000 00009300 DPL=0 DS   [-WA]
LDT=0000 0000000000000000 00000000 00008200 DPL=0 LDT
TR =0038 0000000000000000 00000000 00008900 DPL=0 TSS64-avl
GDT=     ffff800000016168 00000047
IDT=     ffffffff80004040 00000fff
CR0=80010011 CR2=0000000000000000 CR3=0000000007fa5000 CR4=00000020
DR0=0000000000000000 DR1=0000000000000000 DR2=0000000000000000 DR3=0000000000000000 
DR6=00000000ffff0ff0 DR7=0000000000000400
CCS=0000000000000014 CCD=ffff800007fb5f50 CCO=EFLAGS
EFER=0000000000000d00
Servicing hardware INT=0x21
    25: v=21 e=0000 i=0 cpl=0 IP=0028:ffffffff80000106 pc=ffffffff80000106 SP=0030:ffff800007fb5ff0 env->regs[R_EAX]=0000000000000320
RAX=0000000000000320 RBX=0000000000000000 RCX=0000000000000007 RDX=0000000000000000
RSI=00000000ffffffff RDI=000000000000000a RBP=ffff800007fb5ff0 RSP=ffff800007fb5ff0
R8 =0000000000000000 R9 =0000000000000000 R10=0000000000000000 R11=0000000000000000
R12=0000000000000000 R13=0000000000000000 R14=0000000000000000 R15=0000000000000000
RIP=ffffffff80000106 RFL=00000216 [----AP-] CPL=0 II=0 A20=1 SMM=0 HLT=0
ES =0030 0000000000000000 00000000 00009300 DPL=0 DS   [-WA]
CS =0028 0000000000000000 00000000 00209b00 DPL=0 CS64 [-RA]
SS =0030 0000000000000000 00000000 00009300 DPL=0 DS   [-WA]
DS =0030 0000000000000000 00000000 00009300 DPL=0 DS   [-WA]
FS =0030 0000000000000000 00000000 00009300 DPL=0 DS   [-WA]
GS =0030 0000000000000000 00000000 00009300 DPL=0 DS   [-WA]
LDT=0000 0000000000000000 00000000 00008200 DPL=0 LDT
TR =0038 0000000000000000 00000000 00008900 DPL=0 TSS64-avl
GDT=     ffff800000016168 00000047
IDT=     ffffffff80004040 00000fff
CR0=80010011 CR2=0000000000000000 CR3=0000000007fa5000 CR4=00000020
DR0=0000000000000000 DR1=0000000000000000 DR2=0000000000000000 DR3=0000000000000000 
DR6=00000000ffff0ff0 DR7=0000000000000400
CCS=0000000000000014 CCD=ffff800007fb5f50 CCO=EFLAGS
EFER=0000000000000d00
Servicing hardware INT=0x21
    26: v=21 e=0000 i=0 cpl=0 IP=0028:ffffffff80000106 pc=ffffffff80000106 SP=0030:ffff800007fb5ff0 env->regs[R_EAX]=0000000000000320
RAX=0000000000000320 RBX=0000000000000000 RCX=0000000000000007 RDX=0000000000000000
RSI=00000000ffffffff RDI=000000000000000a RBP=ffff800007fb5ff0 RSP=ffff800007fb5ff0
R8 =0000000000000000 R9 =0000000000000000 R10=0000000000000000 R11=0000000000000000
R12=0000000000000000 R13=0000000000000000 R14=0000000000000000 R15=0000000000000000
RIP=ffffffff80000106 RFL=00000216 [----AP-] CPL=0 II=0 A20=1 SMM=0 HLT=0
ES =0030 0000000000000000 00000000 00009300 DPL=0 DS   [-WA]
CS =0028 0000000000000000 00000000 00209b00 DPL=0 CS64 [-RA]
SS =0030 0000000000000000 00000000 00009300 DPL=0 DS   [-WA]
DS =0030 0000000000000000 00000000 00009300 DPL=0 DS   [-WA]
FS =0030 0000000000000000 00000000 00009300 DPL=0 DS   [-WA]
GS =0030 0000000000000000 00000000 00009300 DPL=0 DS   [-WA]
LDT=0000 0000000000000000 00000000 00008200 DPL=0 LDT
TR =0038 0000000000000000 00000000 00008900 DPL=0 TSS64-avl
GDT=     ffff800000016168 00000047
IDT=     ffffffff80004040 00000fff
CR0=80010011 CR2=0000000000000000 CR3=0000000007fa5000 CR4=00000020
DR0=0000000000000000 DR1=0000000000000000 DR2=0000000000000000 DR3=0000000000000000 
DR6=00000000ffff0ff0 DR7=0000000000000400
CCS=0000000000000014 CCD=ffff800007fb5f50 CCO=EFLAGS
EFER=0000000000000d00
Servicing hardware INT=0x21
    27: v=21 e=0000 i=0 cpl=0 IP=0028:ffffffff80000106 pc=ffffffff80000106 SP=0030:ffff800007fb5ff0 env->regs[R_EAX]=0000000000000320
RAX=0000000000000320 RBX=0000000000000000 RCX=0000000000000007 RDX=0000000000000000
RSI=00000000ffffffff RDI=000000000000000a RBP=ffff800007fb5ff0 RSP=ffff800007fb5ff0
R8 =0000000000000000 R9 =0000000000000000 R10=0000000000000000 R11=0000000000000000
R12=0000000000000000 R13=0000000000000000 R14=0000000000000000 R15=0000000000000000
RIP=ffffffff80000106 RFL=00000216 [----AP-] CPL=0 II=0 A20=1 SMM=0 HLT=0
ES =0030 0000000000000000 00000000 00009300 DPL=0 DS   [-WA]
CS =0028 0000000000000000 00000000 00209b00 DPL=0 CS64 [-RA]
SS =0030 0000000000000000 00000000 00009300 DPL=0 DS   [-WA]
DS =0030 0000000000000000 00000000 00009300 DPL=0 DS   [-WA]
FS =0030 0000000000000000 00000000 00009300 DPL=0 DS   [-WA]
GS =0030 0000000000000000 00000000 00009300 DPL=0 DS   [-WA]
LDT=0000 0000000000000000 00000000 00008200 DPL=0 LDT
TR =0038 0000000000000000 00000000 00008900 DPL=0 TSS64-avl
GDT=     ffff800000016168 00000047
IDT=     ffffffff80004040 00000fff
CR0=80010011 CR2=0000000000000000 CR3=0000000007fa5000 CR4=00000020
DR0=0000000000000000 DR1=0000000000000000 DR2=0000000000000000 DR3=0000000000000000 
DR6=00000000ffff0ff0 DR7=0000000000000400
CCS=0000000000000014 CCD=ffff800007fb5f50 CCO=EFLAGS
EFER=0000000000000d00
Servicing hardware INT=0x21
    28: v=21 e=0000 i=0 cpl=0 IP=0028:ffffffff80000106 pc=ffffffff80000106 SP=0030:ffff800007fb5ff0 env->regs[R_EAX]=0000000000000320
RAX=0000000000000320 RBX=0000000000000000 RCX=0000000000000007 RDX=0000000000000000
RSI=00000000ffffffff RDI=000000000000000a RBP=ffff800007fb5ff0 RSP=ffff800007fb5ff0
R8 =0000000000000000 R9 =0000000000000000 R10=0000000000000000 R11=0000000000000000
R12=0000000000000000 R13=0000000000000000 R14=0000000000000000 R15=0000000000000000
RIP=ffffffff80000106 RFL=00000216 [----AP-] CPL=0 II=0 A20=1 SMM=0 HLT=0
ES =0030 0000000000000000 00000000 00009300 DPL=0 DS   [-WA]
CS =0028 0000000000000000 00000000 00209b00 DPL=0 CS64 [-RA]
SS =0030 0000000000000000 00000000 00009300 DPL=0 DS   [-WA]
DS =0030 0000000000000000 00000000 00009300 DPL=0 DS   [-WA]
FS =0030 0000000000000000 00000000 00009300 DPL=0 DS   [-WA]
GS =0030 0000000000000000 00000000 00009300 DPL=0 DS   [-WA]
LDT=0000 0000000000000000 00000000 00008200 DPL=0 LDT
TR =0038 0000000000000000 00000000 00008900 DPL=0 TSS64-avl
GDT=     ffff800000016168 00000047
IDT=     ffffffff80004040 00000fff
CR0=80010011 CR2=0000000000000000 CR3=0000000007fa5000 CR4=00000020
DR0=0000000000000000 DR1=0000000000000000 DR2=0000000000000000 DR3=0000000000000000 
DR6=00000000ffff0ff0 DR7=0000000000000400
CCS=0000000000000014 CCD=ffff800007fb5f50 CCO=EFLAGS
EFER=0000000000000d00
Servicing hardware INT=0x21
    29: v=21 e=0000 i=0 cpl=0 IP=0028:ffffffff80000106 pc=ffffffff80000106 SP=0030:ffff800007fb5ff0 env->regs[R_EAX]=0000000000000320
RAX=0000000000000320 RBX=0000000000000000 RCX=0000000000000007 RDX=0000000000000000
RSI=00000000ffffffff RDI=000000000000000a RBP=ffff800007fb5ff0 RSP=ffff800007fb5ff0
R8 =0000000000000000 R9 =0000000000000000 R10=0000000000000000 R11=0000000000000000
R12=0000000000000000 R13=0000000000000000 R14=0000000000000000 R15=0000000000000000
RIP=ffffffff80000106 RFL=00000216 [----AP-] CPL=0 II=0 A20=1 SMM=0 HLT=0
ES =0030 0000000000000000 00000000 00009300 DPL=0 DS   [-WA]
CS =0028 0000000000000000 00000000 00209b00 DPL=0 CS64 [-RA]
SS =0030 0000000000000000 00000000 00009300 DPL=0 DS   [-WA]
DS =0030 0000000000000000 00000000 00009300 DPL=0 DS   [-WA]
FS =0030 0000000000000000 00000000 00009300 DPL=0 DS   [-WA]
GS =0030 0000000000000000 00000000 00009300 DPL=0 DS   [-WA]
LDT=0000 0000000000000000 00000000 00008200 DPL=0 LDT
TR =0038 0000000000000000 00000000 00008900 DPL=0 TSS64-avl
GDT=     ffff800000016168 00000047
IDT=     ffffffff80004040 00000fff
CR0=80010011 CR2=0000000000000000 CR3=0000000007fa5000 CR4=00000020
DR0=0000000000000000 DR1=0000000000000000 DR2=0000000000000000 DR3=0000000000000000 
DR6=00000000ffff0ff0 DR7=0000000000000400
CCS=0000000000000014 CCD=ffff800007fb5f50 CCO=EFLAGS
EFER=0000000000000d00
Servicing hardware INT=0x21
    30: v=21 e=0000 i=0 cpl=0 IP=0028:ffffffff80000106 pc=ffffffff80000106 SP=0030:ffff800007fb5ff0 env->regs[R_EAX]=0000000000000320
RAX=0000000000000320 RBX=0000000000000000 RCX=0000000000000007 RDX=0000000000000000
RSI=00000000ffffffff RDI=000000000000000a RBP=ffff800007fb5ff0 RSP=ffff800007fb5ff0
R8 =0000000000000000 R9 =0000000000000000 R10=0000000000000000 R11=0000000000000000
R12=0000000000000000 R13=0000000000000000 R14=0000000000000000 R15=0000000000000000
RIP=ffffffff80000106 RFL=00000216 [----AP-] CPL=0 II=0 A20=1 SMM=0 HLT=0
ES =0030 0000000000000000 00000000 00009300 DPL=0 DS   [-WA]
CS =0028 0000000000000000 00000000 00209b00 DPL=0 CS64 [-RA]
SS =0030 0000000000000000 00000000 00009300 DPL=0 DS   [-WA]
DS =0030 0000000000000000 00000000 00009300 DPL=0 DS   [-WA]
FS =0030 0000000000000000 00000000 00009300 DPL=0 DS   [-WA]
GS =0030 0000000000000000 00000000 00009300 DPL=0 DS   [-WA]
LDT=0000 0000000000000000 00000000 00008200 DPL=0 LDT
TR =0038 0000000000000000 00000000 00008900 DPL=0 TSS64-avl
GDT=     ffff800000016168 00000047
IDT=     ffffffff80004040 00000fff
CR0=80010011 CR2=0000000000000000 CR3=0000000007fa5000 CR4=00000020
DR0=0000000000000000 DR1=0000000000000000 DR2=0000000000000000 DR3=0000000000000000 
DR6=00000000ffff0ff0 DR7=0000000000000400
CCS=0000000000000014 CCD=ffff800007fb5f50 CCO=EFLAGS
EFER=0000000000000d00
Servicing hardware INT=0x21
    31: v=21 e=0000 i=0 cpl=0 IP=0028:ffffffff80000106 pc=ffffffff80000106 SP=0030:ffff800007fb5ff0 env->regs[R_EAX]=0000000000000320
RAX=0000000000000320 RBX=0000000000000000 RCX=0000000000000007 RDX=0000000000000000
RSI=00000000ffffffff RDI=000000000000000a RBP=ffff800007fb5ff0 RSP=ffff800007fb5ff0
R8 =0000000000000000 R9 =0000000000000000 R10=0000000000000000 R11=0000000000000000
R12=0000000000000000 R13=0000000000000000 R14=0000000000000000 R15=0000000000000000
RIP=ffffffff80000106 RFL=00000216 [----AP-] CPL=0 II=0 A20=1 SMM=0 HLT=0
ES =0030 0000000000000000 00000000 00009300 DPL=0 DS   [-WA]
CS =0028 0000000000000000 00000000 00209b00 DPL=0 CS64 [-RA]
SS =0030 0000000000000000 00000000 00009300 DPL=0 DS   [-WA]
DS =0030 0000000000000000 00000000 00009300 DPL=0 DS   [-WA]
FS =0030 0000000000000000 00000000 00009300 DPL=0 DS   [-WA]
GS =0030 0000000000000000 00000000 00009300 DPL=0 DS   [-WA]
LDT=0000 0000000000000000 00000000 00008200 DPL=0 LDT
TR =0038 0000000000000000 00000000 00008900 DPL=0 TSS64-avl
GDT=     ffff800000016168 00000047
IDT=     ffffffff80004040 00000fff
CR0=80010011 CR2=0000000000000000 CR3=0000000007fa5000 CR4=00000020
DR0=0000000000000000 DR1=0000000000000000 DR2=0000000000000000 DR3=0000000000000000 
DR6=00000000ffff0ff0 DR7=0000000000000400
CCS=0000000000000014 CCD=ffff800007fb5f50 CCO=EFLAGS
EFER=0000000000000d00
Servicing hardware INT=0x21
    32: v=21 e=0000 i=0 cpl=0 IP=0028:ffffffff80000106 pc=ffffffff80000106 SP=0030:ffff800007fb5ff0 env->regs[R_EAX]=0000000000000320
RAX=0000000000000320 RBX=0000000000000000 RCX=0000000000000007 RDX=0000000000000000
RSI=00000000ffffffff RDI=000000000000000a RBP=ffff800007fb5ff0 RSP=ffff800007fb5ff0
R8 =0000000000000000 R9 =0000000000000000 R10=0000000000000000 R11=0000000000000000
R12=0000000000000000 R13=0000000000000000 R14=0000000000000000 R15=0000000000000000
RIP=ffffffff80000106 RFL=00000216 [----AP-] CPL=0 II=0 A20=1 SMM=0 HLT=0
ES =0030 0000000000000000 00000000 00009300 DPL=0 DS   [-WA]
CS =0028 0000000000000000 00000000 00209b00 DPL=0 CS64 [-RA]
SS =0030 0000000000000000 00000000 00009300 DPL=0 DS   [-WA]
DS =0030 0000000000000000 00000000 00009300 DPL=0 DS   [-WA]
FS =0030 0000000000000000 00000000 00009300 DPL=0 DS   [-WA]
GS =0030 0000000000000000 00000000 00009300 DPL=0 DS   [-WA]
LDT=0000 0000000000000000 00000000 00008200 DPL=0 LDT
TR =0038 0000000000000000 00000000 00008900 DPL=0 TSS64-avl
GDT=     ffff800000016168 00000047
IDT=     ffffffff80004040 00000fff
CR0=80010011 CR2=0000000000000000 CR3=0000000007fa5000 CR4=00000020
DR0=0000000000000000 DR1=0000000000000000 DR2=0000000000000000 DR3=0000000000000000 
DR6=00000000ffff0ff0 DR7=0000000000000400
CCS=0000000000000014 CCD=ffff800007fb5f50 CCO=EFLAGS
EFER=0000000000000d00
Servicing hardware INT=0x21
    33: v=21 e=0000 i=0 cpl=0 IP=0028:ffffffff80000106 pc=ffffffff80000106 SP=0030:ffff800007fb5ff0 env->regs[R_EAX]=0000000000000320
RAX=0000000000000320 RBX=0000000000000000 RCX=0000000000000007 RDX=0000000000000000
RSI=00000000ffffffff RDI=000000000000000a RBP=ffff800007fb5ff0 RSP=ffff800007fb5ff0
R8 =0000000000000000 R9 =0000000000000000 R10=0000000000000000 R11=0000000000000000
R12=0000000000000000 R13=0000000000000000 R14=0000000000000000 R15=0000000000000000
RIP=ffffffff80000106 RFL=00000216 [----AP-] CPL=0 II=0 A20=1 SMM=0 HLT=0
ES =0030 0000000000000000 00000000 00009300 DPL=0 DS   [-WA]
CS =0028 0000000000000000 00000000 00209b00 DPL=0 CS64 [-RA]
SS =0030 0000000000000000 00000000 00009300 DPL=0 DS   [-WA]
DS =0030 0000000000000000 00000000 00009300 DPL=0 DS   [-WA]
FS =0030 0000000000000000 00000000 00009300 DPL=0 DS   [-WA]
GS =0030 0000000000000000 00000000 00009300 DPL=0 DS   [-WA]
LDT=0000 0000000000000000 00000000 00008200 DPL=0 LDT
TR =0038 0000000000000000 00000000 00008900 DPL=0 TSS64-avl
GDT=     ffff800000016168 00000047
IDT=     ffffffff80004040 00000fff
CR0=80010011 CR2=0000000000000000 CR3=0000000007fa5000 CR4=00000020
DR0=0000000000000000 DR1=0000000000000000 DR2=0000000000000000 DR3=0000000000000000 
DR6=00000000ffff0ff0 DR7=0000000000000400
CCS=0000000000000014 CCD=ffff800007fb5f50 CCO=EFLAGS
EFER=0000000000000d00
Servicing hardware INT=0x21
    34: v=21 e=0000 i=0 cpl=0 IP=0028:ffffffff80000106 pc=ffffffff80000106 SP=0030:ffff800007fb5ff0 env->regs[R_EAX]=0000000000000320
RAX=0000000000000320 RBX=0000000000000000 RCX=0000000000000007 RDX=0000000000000000
RSI=00000000ffffffff RDI=000000000000000a RBP=ffff800007fb5ff0 RSP=ffff800007fb5ff0
R8 =0000000000000000 R9 =0000000000000000 R10=0000000000000000 R11=0000000000000000
R12=0000000000000000 R13=0000000000000000 R14=0000000000000000 R15=0000000000000000
RIP=ffffffff80000106 RFL=00000216 [----AP-] CPL=0 II=0 A20=1 SMM=0 HLT=0
ES =0030 0000000000000000 00000000 00009300 DPL=0 DS   [-WA]
CS =0028 0000000000000000 00000000 00209b00 DPL=0 CS64 [-RA]
SS =0030 0000000000000000 00000000 00009300 DPL=0 DS   [-WA]
DS =0030 0000000000000000 00000000 00009300 DPL=0 DS   [-WA]
FS =0030 0000000000000000 00000000 00009300 DPL=0 DS   [-WA]
GS =0030 0000000000000000 00000000 00009300 DPL=0 DS   [-WA]
LDT=0000 0000000000000000 00000000 00008200 DPL=0 LDT
TR =0038 0000000000000000 00000000 00008900 DPL=0 TSS64-avl
GDT=     ffff800000016168 00000047
IDT=     ffffffff80004040 00000fff
CR0=80010011 CR2=0000000000000000 CR3=0000000007fa5000 CR4=00000020
DR0=0000000000000000 DR1=0000000000000000 DR2=0000000000000000 DR3=0000000000000000 
DR6=00000000ffff0ff0 DR7=0000000000000400
CCS=0000000000000014 CCD=ffff800007fb5f50 CCO=EFLAGS
EFER=0000000000000d00
Servicing hardware INT=0x21
    35: v=21 e=0000 i=0 cpl=0 IP=0028:ffffffff80000106 pc=ffffffff80000106 SP=0030:ffff800007fb5ff0 env->regs[R_EAX]=0000000000000320
RAX=0000000000000320 RBX=0000000000000000 RCX=0000000000000007 RDX=0000000000000000
RSI=00000000ffffffff RDI=000000000000000a RBP=ffff800007fb5ff0 RSP=ffff800007fb5ff0
R8 =0000000000000000 R9 =0000000000000000 R10=0000000000000000 R11=0000000000000000
R12=0000000000000000 R13=0000000000000000 R14=0000000000000000 R15=0000000000000000
RIP=ffffffff80000106 RFL=00000216 [----AP-] CPL=0 II=0 A20=1 SMM=0 HLT=0
ES =0030 0000000000000000 00000000 00009300 DPL=0 DS   [-WA]
CS =0028 0000000000000000 00000000 00209b00 DPL=0 CS64 [-RA]
SS =0030 0000000000000000 00000000 00009300 DPL=0 DS   [-WA]
DS =0030 0000000000000000 00000000 00009300 DPL=0 DS   [-WA]
FS =0030 0000000000000000 00000000 00009300 DPL=0 DS   [-WA]
GS =0030 0000000000000000 00000000 00009300 DPL=0 DS   [-WA]
LDT=0000 0000000000000000 00000000 00008200 DPL=0 LDT
TR =0038 0000000000000000 00000000 00008900 DPL=0 TSS64-avl
GDT=     ffff800000016168 00000047
IDT=     ffffffff80004040 00000fff
CR0=80010011 CR2=0000000000000000 CR3=0000000007fa5000 CR4=00000020
DR0=0000000000000000 DR1=0000000000000000 DR2=0000000000000000 DR3=0000000000000000 
DR6=00000000ffff0ff0 DR7=0000000000000400
CCS=0000000000000014 CCD=ffff800007fb5f50 CCO=EFLAGS
EFER=0000000000000d00
Servicing hardware INT=0x21
    36: v=21 e=0000 i=0 cpl=0 IP=0028:ffffffff80000106 pc=ffffffff80000106 SP=0030:ffff800007fb5ff0 env->regs[R_EAX]=0000000000000320
RAX=0000000000000320 RBX=0000000000000000 RCX=0000000000000007 RDX=0000000000000000
RSI=00000000ffffffff RDI=000000000000000a RBP=ffff800007fb5ff0 RSP=ffff800007fb5ff0
R8 =0000000000000000 R9 =0000000000000000 R10=0000000000000000 R11=0000000000000000
R12=0000000000000000 R13=0000000000000000 R14=0000000000000000 R15=0000000000000000
RIP=ffffffff80000106 RFL=00000216 [----AP-] CPL=0 II=0 A20=1 SMM=0 HLT=0
ES =0030 0000000000000000 00000000 00009300 DPL=0 DS   [-WA]
CS =0028 0000000000000000 00000000 00209b00 DPL=0 CS64 [-RA]
SS =0030 0000000000000000 00000000 00009300 DPL=0 DS   [-WA]
DS =0030 0000000000000000 00000000 00009300 DPL=0 DS   [-WA]
FS =0030 0000000000000000 00000000 00009300 DPL=0 DS   [-WA]
GS =0030 0000000000000000 00000000 00009300 DPL=0 DS   [-WA]
LDT=0000 0000000000000000 00000000 00008200 DPL=0 LDT
TR =0038 0000000000000000 00000000 00008900 DPL=0 TSS64-avl
GDT=     ffff800000016168 00000047
IDT=     ffffffff80004040 00000fff
CR0=80010011 CR2=0000000000000000 CR3=0000000007fa5000 CR4=00000020
DR0=0000000000000000 DR1=0000000000000000 DR2=0000000000000000 DR3=0000000000000000 
DR6=00000000ffff0ff0 DR7=0000000000000400
CCS=0000000000000014 CCD=ffff800007fb5f50 CCO=EFLAGS
EFER=0000000000000d00
Servicing hardware INT=0x21
    37: v=21 e=0000 i=0 cpl=0 IP=0028:ffffffff80000106 pc=ffffffff80000106 SP=0030:ffff800007fb5ff0 env->regs[R_EAX]=0000000000000320
RAX=0000000000000320 RBX=0000000000000000 RCX=0000000000000007 RDX=0000000000000000
RSI=00000000ffffffff RDI=000000000000000a RBP=ffff800007fb5ff0 RSP=ffff800007fb5ff0
R8 =0000000000000000 R9 =0000000000000000 R10=0000000000000000 R11=0000000000000000
R12=0000000000000000 R13=0000000000000000 R14=0000000000000000 R15=0000000000000000
RIP=ffffffff80000106 RFL=00000216 [----AP-] CPL=0 II=0 A20=1 SMM=0 HLT=0
ES =0030 0000000000000000 00000000 00009300 DPL=0 DS   [-WA]
CS =0028 0000000000000000 00000000 00209b00 DPL=0 CS64 [-RA]
SS =0030 0000000000000000 00000000 00009300 DPL=0 DS   [-WA]
DS =0030 0000000000000000 00000000 00009300 DPL=0 DS   [-WA]
FS =0030 0000000000000000 00000000 00009300 DPL=0 DS   [-WA]
GS =0030 0000000000000000 00000000 00009300 DPL=0 DS   [-WA]
LDT=0000 0000000000000000 00000000 00008200 DPL=0 LDT
TR =0038 0000000000000000 00000000 00008900 DPL=0 TSS64-avl
GDT=     ffff800000016168 00000047
IDT=     ffffffff80004040 00000fff
CR0=80010011 CR2=0000000000000000 CR3=0000000007fa5000 CR4=00000020
DR0=0000000000000000 DR1=0000000000000000 DR2=0000000000000000 DR3=0000000000000000 
DR6=00000000ffff0ff0 DR7=0000000000000400
CCS=0000000000000014 CCD=ffff800007fb5f50 CCO=EFLAGS
EFER=0000000000000d00
Servicing hardware INT=0x21
    38: v=21 e=0000 i=0 cpl=0 IP=0028:ffffffff80000106 pc=ffffffff80000106 SP=0030:ffff800007fb5ff0 env->regs[R_EAX]=0000000000000320
RAX=0000000000000320 RBX=0000000000000000 RCX=0000000000000007 RDX=0000000000000000
RSI=00000000ffffffff RDI=000000000000000a RBP=ffff800007fb5ff0 RSP=ffff800007fb5ff0
R8 =0000000000000000 R9 =0000000000000000 R10=0000000000000000 R11=0000000000000000
R12=0000000000000000 R13=0000000000000000 R14=0000000000000000 R15=0000000000000000
RIP=ffffffff80000106 RFL=00000216 [----AP-] CPL=0 II=0 A20=1 SMM=0 HLT=0
ES =0030 0000000000000000 00000000 00009300 DPL=0 DS   [-WA]
CS =0028 0000000000000000 00000000 00209b00 DPL=0 CS64 [-RA]
SS =0030 0000000000000000 00000000 00009300 DPL=0 DS   [-WA]
DS =0030 0000000000000000 00000000 00009300 DPL=0 DS   [-WA]
FS =0030 0000000000000000 00000000 00009300 DPL=0 DS   [-WA]
GS =0030 0000000000000000 00000000 00009300 DPL=0 DS   [-WA]
LDT=0000 0000000000000000 00000000 00008200 DPL=0 LDT
TR =0038 0000000000000000 00000000 00008900 DPL=0 TSS64-avl
GDT=     ffff800000016168 00000047
IDT=     ffffffff80004040 00000fff
CR0=80010011 CR2=0000000000000000 CR3=0000000007fa5000 CR4=00000020
DR0=0000000000000000 DR1=0000000000000000 DR2=0000000000000000 DR3=0000000000000000 
DR6=00000000ffff0ff0 DR7=0000000000000400
CCS=0000000000000014 CCD=ffff800007fb5f50 CCO=EFLAGS
EFER=0000000000000d00
Servicing hardware INT=0x21
    39: v=21 e=0000 i=0 cpl=0 IP=0028:ffffffff80000106 pc=ffffffff80000106 SP=0030:ffff800007fb5ff0 env->regs[R_EAX]=0000000000000320
RAX=0000000000000320 RBX=0000000000000000 RCX=0000000000000007 RDX=0000000000000000
RSI=00000000ffffffff RDI=000000000000000a RBP=ffff800007fb5ff0 RSP=ffff800007fb5ff0
R8 =0000000000000000 R9 =0000000000000000 R10=0000000000000000 R11=0000000000000000
R12=0000000000000000 R13=0000000000000000 R14=0000000000000000 R15=0000000000000000
RIP=ffffffff80000106 RFL=00000216 [----AP-] CPL=0 II=0 A20=1 SMM=0 HLT=0
ES =0030 0000000000000000 00000000 00009300 DPL=0 DS   [-WA]
CS =0028 0000000000000000 00000000 00209b00 DPL=0 CS64 [-RA]
SS =0030 0000000000000000 00000000 00009300 DPL=0 DS   [-WA]
DS =0030 0000000000000000 00000000 00009300 DPL=0 DS   [-WA]
FS =0030 0000000000000000 00000000 00009300 DPL=0 DS   [-WA]
GS =0030 0000000000000000 00000000 00009300 DPL=0 DS   [-WA]
LDT=0000 0000000000000000 00000000 00008200 DPL=0 LDT
TR =0038 0000000000000000 00000000 00008900 DPL=0 TSS64-avl
GDT=     ffff800000016168 00000047
IDT=     ffffffff80004040 00000fff
CR0=80010011 CR2=0000000000000000 CR3=0000000007fa5000 CR4=00000020
DR0=0000000000000000 DR1=0000000000000000 DR2=0000000000000000 DR3=0000000000000000 
DR6=00000000ffff0ff0 DR7=0000000000000400
CCS=0000000000000014 CCD=ffff800007fb5f50 CCO=EFLAGS
EFER=0000000000000d00
Servicing hardware INT=0x21
    40: v=21 e=0000 i=0 cpl=0 IP=0028:ffffffff80000106 pc=ffffffff80000106 SP=0030:ffff800007fb5ff0 env->regs[R_EAX]=0000000000000320
RAX=0000000000000320 RBX=0000000000000000 RCX=0000000000000007 RDX=0000000000000000
RSI=00000000ffffffff RDI=000000000000000a RBP=ffff800007fb5ff0 RSP=ffff800007fb5ff0
R8 =0000000000000000 R9 =0000000000000000 R10=0000000000000000 R11=0000000000000000
R12=0000000000000000 R13=0000000000000000 R14=0000000000000000 R15=0000000000000000
RIP=ffffffff80000106 RFL=00000216 [----AP-] CPL=0 II=0 A20=1 SMM=0 HLT=0
ES =0030 0000000000000000 00000000 00009300 DPL=0 DS   [-WA]
CS =0028 0000000000000000 00000000 00209b00 DPL=0 CS64 [-RA]
SS =0030 0000000000000000 00000000 00009300 DPL=0 DS   [-WA]
DS =0030 0000000000000000 00000000 00009300 DPL=0 DS   [-WA]
FS =0030 0000000000000000 00000000 00009300 DPL=0 DS   [-WA]
GS =0030 0000000000000000 00000000 00009300 DPL=0 DS   [-WA]
LDT=0000 0000000000000000 00000000 00008200 DPL=0 LDT
TR =0038 0000000000000000 00000000 00008900 DPL=0 TSS64-avl
GDT=     ffff800000016168 00000047
IDT=     ffffffff80004040 00000fff
CR0=80010011 CR2=0000000000000000 CR3=0000000007fa5000 CR4=00000020
DR0=0000000000000000 DR1=0000000000000000 DR2=0000000000000000 DR3=0000000000000000 
DR6=00000000ffff0ff0 DR7=0000000000000400
CCS=0000000000000014 CCD=ffff800007fb5f50 CCO=EFLAGS
EFER=0000000000000d00
Servicing hardware INT=0x21
    41: v=21 e=0000 i=0 cpl=0 IP=0028:ffffffff80000106 pc=ffffffff80000106 SP=0030:ffff800007fb5ff0 env->regs[R_EAX]=0000000000000320
RAX=0000000000000320 RBX=0000000000000000 RCX=0000000000000007 RDX=0000000000000000
RSI=00000000ffffffff RDI=000000000000000a RBP=ffff800007fb5ff0 RSP=ffff800007fb5ff0
R8 =0000000000000000 R9 =0000000000000000 R10=0000000000000000 R11=0000000000000000
R12=0000000000000000 R13=0000000000000000 R14=0000000000000000 R15=0000000000000000
RIP=ffffffff80000106 RFL=00000216 [----AP-] CPL=0 II=0 A20=1 SMM=0 HLT=0
ES =0030 0000000000000000 00000000 00009300 DPL=0 DS   [-WA]
CS =0028 0000000000000000 00000000 00209b00 DPL=0 CS64 [-RA]
SS =0030 0000000000000000 00000000 00009300 DPL=0 DS   [-WA]
DS =0030 0000000000000000 00000000 00009300 DPL=0 DS   [-WA]
FS =0030 0000000000000000 00000000 00009300 DPL=0 DS   [-WA]
GS =0030 0000000000000000 00000000 00009300 DPL=0 DS   [-WA]
LDT=0000 0000000000000000 00000000 00008200 DPL=0 LDT
TR =0038 0000000000000000 00000000 00008900 DPL=0 TSS64-avl
GDT=     ffff800000016168 00000047
IDT=     ffffffff80004040 00000fff
CR0=80010011 CR2=0000000000000000 CR3=0000000007fa5000 CR4=00000020
DR0=0000000000000000 DR1=0000000000000000 DR2=0000000000000000 DR3=0000000000000000 
DR6=00000000ffff0ff0 DR7=0000000000000400
CCS=0000000000000014 CCD=ffff800007fb5f50 CCO=EFLAGS
EFER=0000000000000d00
Servicing hardware INT=0x21
    42: v=21 e=0000 i=0 cpl=0 IP=0028:ffffffff80000106 pc=ffffffff80000106 SP=0030:ffff800007fb5ff0 env->regs[R_EAX]=0000000000000320
RAX=0000000000000320 RBX=0000000000000000 RCX=0000000000000007 RDX=0000000000000000
RSI=00000000ffffffff RDI=000000000000000a RBP=ffff800007fb5ff0 RSP=ffff800007fb5ff0
R8 =0000000000000000 R9 =0000000000000000 R10=0000000000000000 R11=0000000000000000
R12=0000000000000000 R13=0000000000000000 R14=0000000000000000 R15=0000000000000000
RIP=ffffffff80000106 RFL=00000216 [----AP-] CPL=0 II=0 A20=1 SMM=0 HLT=0
ES =0030 0000000000000000 00000000 00009300 DPL=0 DS   [-WA]
CS =0028 0000000000000000 00000000 00209b00 DPL=0 CS64 [-RA]
SS =0030 0000000000000000 00000000 00009300 DPL=0 DS   [-WA]
DS =0030 0000000000000000 00000000 00009300 DPL=0 DS   [-WA]
FS =0030 0000000000000000 00000000 00009300 DPL=0 DS   [-WA]
GS =0030 0000000000000000 00000000 00009300 DPL=0 DS   [-WA]
LDT=0000 0000000000000000 00000000 00008200 DPL=0 LDT
TR =0038 0000000000000000 00000000 00008900 DPL=0 TSS64-avl
GDT=     ffff800000016168 00000047
IDT=     ffffffff80004040 00000fff
CR0=80010011 CR2=0000000000000000 CR3=0000000007fa5000 CR4=00000020
DR0=0000000000000000 DR1=0000000000000000 DR2=0000000000000000 DR3=0000000000000000 
DR6=00000000ffff0ff0 DR7=0000000000000400
CCS=0000000000000014 CCD=ffff800007fb5f50 CCO=EFLAGS
EFER=0000000000000d00
Servicing hardware INT=0x21
    43: v=21 e=0000 i=0 cpl=0 IP=0028:ffffffff80000106 pc=ffffffff80000106 SP=0030:ffff800007fb5ff0 env->regs[R_EAX]=0000000000000320
RAX=0000000000000320 RBX=0000000000000000 RCX=0000000000000007 RDX=0000000000000000
RSI=00000000ffffffff RDI=000000000000000a RBP=ffff800007fb5ff0 RSP=ffff800007fb5ff0
R8 =0000000000000000 R9 =0000000000000000 R10=0000000000000000 R11=0000000000000000
R12=0000000000000000 R13=0000000000000000 R14=0000000000000000 R15=0000000000000000
RIP=ffffffff80000106 RFL=00000216 [----AP-] CPL=0 II=0 A20=1 SMM=0 HLT=0
ES =0030 0000000000000000 00000000 00009300 DPL=0 DS   [-WA]
CS =0028 0000000000000000 00000000 00209b00 DPL=0 CS64 [-RA]
SS =0030 0000000000000000 00000000 00009300 DPL=0 DS   [-WA]
DS =0030 0000000000000000 00000000 00009300 DPL=0 DS   [-WA]
FS =0030 0000000000000000 00000000 00009300 DPL=0 DS   [-WA]
GS =0030 0000000000000000 00000000 00009300 DPL=0 DS   [-WA]
LDT=0000 0000000000000000 00000000 00008200 DPL=0 LDT
TR =0038 0000000000000000 00000000 00008900 DPL=0 TSS64-avl
GDT=     ffff800000016168 00000047
IDT=     ffffffff80004040 00000fff
CR0=80010011 CR2=0000000000000000 CR3=0000000007fa5000 CR4=00000020
DR0=0000000000000000 DR1=0000000000000000 DR2=0000000000000000 DR3=0000000000000000 
DR6=00000000ffff0ff0 DR7=0000000000000400
CCS=0000000000000014 CCD=ffff800007fb5f50 CCO=EFLAGS
EFER=0000000000000d00
Servicing hardware INT=0x21
    44: v=21 e=0000 i=0 cpl=0 IP=0028:ffffffff80000106 pc=ffffffff80000106 SP=0030:ffff800007fb5ff0 env->regs[R_EAX]=0000000000000320
RAX=0000000000000320 RBX=0000000000000000 RCX=0000000000000007 RDX=0000000000000000
RSI=00000000ffffffff RDI=000000000000000a RBP=ffff800007fb5ff0 RSP=ffff800007fb5ff0
R8 =0000000000000000 R9 =0000000000000000 R10=0000000000000000 R11=0000000000000000
R12=0000000000000000 R13=0000000000000000 R14=0000000000000000 R15=0000000000000000
RIP=ffffffff80000106 RFL=00000216 [----AP-] CPL=0 II=0 A20=1 SMM=0 HLT=0
ES =0030 0000000000000000 00000000 00009300 DPL=0 DS   [-WA]
CS =0028 0000000000000000 00000000 00209b00 DPL=0 CS64 [-RA]
SS =0030 0000000000000000 00000000 00009300 DPL=0 DS   [-WA]
DS =0030 0000000000000000 00000000 00009300 DPL=0 DS   [-WA]
FS =0030 0000000000000000 00000000 00009300 DPL=0 DS   [-WA]
GS =0030 0000000000000000 00000000 00009300 DPL=0 DS   [-WA]
LDT=0000 0000000000000000 00000000 00008200 DPL=0 LDT
TR =0038 0000000000000000 00000000 00008900 DPL=0 TSS64-avl
GDT=     ffff800000016168 00000047
IDT=     ffffffff80004040 00000fff
CR0=80010011 CR2=0000000000000000 CR3=0000000007fa5000 CR4=00000020
DR0=0000000000000000 DR1=0000000000000000 DR2=0000000000000000 DR3=0000000000000000 
DR6=00000000ffff0ff0 DR7=0000000000000400
CCS=0000000000000014 CCD=ffff800007fb5f50 CCO=EFLAGS
EFER=0000000000000d00
Servicing hardware INT=0x21
    45: v=21 e=0000 i=0 cpl=0 IP=0028:ffffffff80000106 pc=ffffffff80000106 SP=0030:ffff800007fb5ff0 env->regs[R_EAX]=0000000000000320
RAX=0000000000000320 RBX=0000000000000000 RCX=0000000000000007 RDX=0000000000000000
RSI=00000000ffffffff RDI=000000000000000a RBP=ffff800007fb5ff0 RSP=ffff800007fb5ff0
R8 =0000000000000000 R9 =0000000000000000 R10=0000000000000000 R11=0000000000000000
R12=0000000000000000 R13=0000000000000000 R14=0000000000000000 R15=0000000000000000
RIP=ffffffff80000106 RFL=00000216 [----AP-] CPL=0 II=0 A20=1 SMM=0 HLT=0
ES =0030 0000000000000000 00000000 00009300 DPL=0 DS   [-WA]
CS =0028 0000000000000000 00000000 00209b00 DPL=0 CS64 [-RA]
SS =0030 0000000000000000 00000000 00009300 DPL=0 DS   [-WA]
DS =0030 0000000000000000 00000000 00009300 DPL=0 DS   [-WA]
FS =0030 0000000000000000 00000000 00009300 DPL=0 DS   [-WA]
GS =0030 0000000000000000 00000000 00009300 DPL=0 DS   [-WA]
LDT=0000 0000000000000000 00000000 00008200 DPL=0 LDT
TR =0038 0000000000000000 00000000 00008900 DPL=0 TSS64-avl
GDT=     ffff800000016168 00000047
IDT=     ffffffff80004040 00000fff
CR0=80010011 CR2=0000000000000000 CR3=0000000007fa5000 CR4=00000020
DR0=0000000000000000 DR1=0000000000000000 DR2=0000000000000000 DR3=0000000000000000 
DR6=00000000ffff0ff0 DR7=0000000000000400
CCS=0000000000000014 CCD=ffff800007fb5f50 CCO=EFLAGS
EFER=0000000000000d00
Servicing hardware INT=0x21
    46: v=21 e=0000 i=0 cpl=0 IP=0028:ffffffff80000106 pc=ffffffff80000106 SP=0030:ffff800007fb5ff0 env->regs[R_EAX]=0000000000000320
RAX=0000000000000320 RBX=0000000000000000 RCX=0000000000000007 RDX=0000000000000000
RSI=00000000ffffffff RDI=000000000000000a RBP=ffff800007fb5ff0 RSP=ffff800007fb5ff0
R8 =0000000000000000 R9 =0000000000000000 R10=0000000000000000 R11=0000000000000000
R12=0000000000000000 R13=0000000000000000 R14=0000000000000000 R15=0000000000000000
RIP=ffffffff80000106 RFL=00000216 [----AP-] CPL=0 II=0 A20=1 SMM=0 HLT=0
ES =0030 0000000000000000 00000000 00009300 DPL=0 DS   [-WA]
CS =0028 0000000000000000 00000000 00209b00 DPL=0 CS64 [-RA]
SS =0030 0000000000000000 00000000 00009300 DPL=0 DS   [-WA]
DS =0030 0000000000000000 00000000 00009300 DPL=0 DS   [-WA]
FS =0030 0000000000000000 00000000 00009300 DPL=0 DS   [-WA]
GS =0030 0000000000000000 00000000 00009300 DPL=0 DS   [-WA]
LDT=0000 0000000000000000 00000000 00008200 DPL=0 LDT
TR =0038 0000000000000000 00000000 00008900 DPL=0 TSS64-avl
GDT=     ffff800000016168 00000047
IDT=     ffffffff80004040 00000fff
CR0=80010011 CR2=0000000000000000 CR3=0000000007fa5000 CR4=00000020
DR0=0000000000000000 DR1=0000000000000000 DR2=0000000000000000 DR3=0000000000000000 
DR6=00000000ffff0ff0 DR7=0000000000000400
CCS=0000000000000014 CCD=ffff800007fb5f50 CCO=EFLAGS
EFER=0000000000000d00
Servicing hardware INT=0x21
    47: v=21 e=0000 i=0 cpl=0 IP=0028:ffffffff80000106 pc=ffffffff80000106 SP=0030:ffff800007fb5ff0 env->regs[R_EAX]=0000000000000320
RAX=0000000000000320 RBX=0000000000000000 RCX=0000000000000007 RDX=0000000000000000
RSI=00000000ffffffff RDI=000000000000000a RBP=ffff800007fb5ff0 RSP=ffff800007fb5ff0
R8 =0000000000000000 R9 =0000000000000000 R10=0000000000000000 R11=0000000000000000
R12=0000000000000000 R13=0000000000000000 R14=0000000000000000 R15=0000000000000000
RIP=ffffffff80000106 RFL=00000216 [----AP-] CPL=0 II=0 A20=1 SMM=0 HLT=0
ES =0030 0000000000000000 00000000 00009300 DPL=0 DS   [-WA]
CS =0028 0000000000000000 00000000 00209b00 DPL=0 CS64 [-RA]
SS =0030 0000000000000000 00000000 00009300 DPL=0 DS   [-WA]
DS =0030 0000000000000000 00000000 00009300 DPL=0 DS   [-WA]
FS =0030 0000000000000000 00000000 00009300 DPL=0 DS   [-WA]
GS =0030 0000000000000000 00000000 00009300 DPL=0 DS   [-WA]
LDT=0000 0000000000000000 00000000 00008200 DPL=0 LDT
TR =0038 0000000000000000 00000000 00008900 DPL=0 TSS64-avl
GDT=     ffff800000016168 00000047
IDT=     ffffffff80004040 00000fff
CR0=80010011 CR2=0000000000000000 CR3=0000000007fa5000 CR4=00000020
DR0=0000000000000000 DR1=0000000000000000 DR2=0000000000000000 DR3=0000000000000000 
DR6=00000000ffff0ff0 DR7=0000000000000400
CCS=0000000000000014 CCD=ffff800007fb5f50 CCO=EFLAGS
EFER=0000000000000d00
Servicing hardware INT=0x21
    48: v=21 e=0000 i=0 cpl=0 IP=0028:ffffffff80000106 pc=ffffffff80000106 SP=0030:ffff800007fb5ff0 env->regs[R_EAX]=0000000000000320
RAX=0000000000000320 RBX=0000000000000000 RCX=0000000000000007 RDX=0000000000000000
RSI=00000000ffffffff RDI=000000000000000a RBP=ffff800007fb5ff0 RSP=ffff800007fb5ff0
R8 =0000000000000000 R9 =0000000000000000 R10=0000000000000000 R11=0000000000000000
R12=0000000000000000 R13=0000000000000000 R14=0000000000000000 R15=0000000000000000
RIP=ffffffff80000106 RFL=00000216 [----AP-] CPL=0 II=0 A20=1 SMM=0 HLT=0
ES =0030 0000000000000000 00000000 00009300 DPL=0 DS   [-WA]
CS =0028 0000000000000000 00000000 00209b00 DPL=0 CS64 [-RA]
SS =0030 0000000000000000 00000000 00009300 DPL=0 DS   [-WA]
DS =0030 0000000000000000 00000000 00009300 DPL=0 DS   [-WA]
FS =0030 0000000000000000 00000000 00009300 DPL=0 DS   [-WA]
GS =0030 0000000000000000 00000000 00009300 DPL=0 DS   [-WA]
LDT=0000 0000000000000000 00000000 00008200 DPL=0 LDT
TR =0038 0000000000000000 00000000 00008900 DPL=0 TSS64-avl
GDT=     ffff800000016168 00000047
IDT=     ffffffff80004040 00000fff
CR0=80010011 CR2=0000000000000000 CR3=0000000007fa5000 CR4=00000020
DR0=0000000000000000 DR1=0000000000000000 DR2=0000000000000000 DR3=0000000000000000 
DR6=00000000ffff0ff0 DR7=0000000000000400
CCS=0000000000000014 CCD=ffff800007fb5f50 CCO=EFLAGS
EFER=0000000000000d00
Servicing hardware INT=0x21
    49: v=21 e=0000 i=0 cpl=0 IP=0028:ffffffff80000106 pc=ffffffff80000106 SP=0030:ffff800007fb5ff0 env->regs[R_EAX]=0000000000000320
RAX=0000000000000320 RBX=0000000000000000 RCX=0000000000000007 RDX=0000000000000000
RSI=00000000ffffffff RDI=000000000000000a RBP=ffff800007fb5ff0 RSP=ffff800007fb5ff0
R8 =0000000000000000 R9 =0000000000000000 R10=0000000000000000 R11=0000000000000000
R12=0000000000000000 R13=0000000000000000 R14=0000000000000000 R15=0000000000000000
RIP=ffffffff80000106 RFL=00000216 [----AP-] CPL=0 II=0 A20=1 SMM=0 HLT=0
ES =0030 0000000000000000 00000000 00009300 DPL=0 DS   [-WA]
CS =0028 0000000000000000 00000000 00209b00 DPL=0 CS64 [-RA]
SS =0030 0000000000000000 00000000 00009300 DPL=0 DS   [-WA]
DS =0030 0000000000000000 00000000 00009300 DPL=0 DS   [-WA]
FS =0030 0000000000000000 00000000 00009300 DPL=0 DS   [-WA]
GS =0030 0000000000000000 00000000 00009300 DPL=0 DS   [-WA]
LDT=0000 0000000000000000 00000000 00008200 DPL=0 LDT
TR =0038 0000000000000000 00000000 00008900 DPL=0 TSS64-avl
GDT=     ffff800000016168 00000047
IDT=     ffffffff80004040 00000fff
CR0=80010011 CR2=0000000000000000 CR3=0000000007fa5000 CR4=00000020
DR0=0000000000000000 DR1=0000000000000000 DR2=0000000000000000 DR3=0000000000000000 
DR6=00000000ffff0ff0 DR7=0000000000000400
CCS=0000000000000014 CCD=ffff800007fb5f50 CCO=EFLAGS
EFER=0000000000000d00
Servicing hardware INT=0x21
    50: v=21 e=0000 i=0 cpl=0 IP=0028:ffffffff80000106 pc=ffffffff80000106 SP=0030:ffff800007fb5ff0 env->regs[R_EAX]=0000000000000320
RAX=0000000000000320 RBX=0000000000000000 RCX=0000000000000007 RDX=0000000000000000
RSI=00000000ffffffff RDI=000000000000000a RBP=ffff800007fb5ff0 RSP=ffff800007fb5ff0
R8 =0000000000000000 R9 =0000000000000000 R10=0000000000000000 R11=0000000000000000
R12=0000000000000000 R13=0000000000000000 R14=0000000000000000 R15=0000000000000000
RIP=ffffffff80000106 RFL=00000216 [----AP-] CPL=0 II=0 A20=1 SMM=0 HLT=0
ES =0030 0000000000000000 00000000 00009300 DPL=0 DS   [-WA]
CS =0028 0000000000000000 00000000 00209b00 DPL=0 CS64 [-RA]
SS =0030 0000000000000000 00000000 00009300 DPL=0 DS   [-WA]
DS =0030 0000000000000000 00000000 00009300 DPL=0 DS   [-WA]
FS =0030 0000000000000000 00000000 00009300 DPL=0 DS   [-WA]
GS =0030 0000000000000000 00000000 00009300 DPL=0 DS   [-WA]
LDT=0000 0000000000000000 00000000 00008200 DPL=0 LDT
TR =0038 0000000000000000 00000000 00008900 DPL=0 TSS64-avl
GDT=     ffff800000016168 00000047
IDT=     ffffffff80004040 00000fff
CR0=80010011 CR2=0000000000000000 CR3=0000000007fa5000 CR4=00000020
DR0=0000000000000000 DR1=0000000000000000 DR2=0000000000000000 DR3=0000000000000000 
DR6=00000000ffff0ff0 DR7=0000000000000400
CCS=0000000000000014 CCD=ffff800007fb5f50 CCO=EFLAGS
EFER=0000000000000d00
Servicing hardware INT=0x21
    51: v=21 e=0000 i=0 cpl=0 IP=0028:ffffffff80000106 pc=ffffffff80000106 SP=0030:ffff800007fb5ff0 env->regs[R_EAX]=0000000000000320
RAX=0000000000000320 RBX=0000000000000000 RCX=0000000000000007 RDX=0000000000000000
RSI=00000000ffffffff RDI=000000000000000a RBP=ffff800007fb5ff0 RSP=ffff800007fb5ff0
R8 =0000000000000000 R9 =0000000000000000 R10=0000000000000000 R11=0000000000000000
R12=0000000000000000 R13=0000000000000000 R14=0000000000000000 R15=0000000000000000
RIP=ffffffff80000106 RFL=00000216 [----AP-] CPL=0 II=0 A20=1 SMM=0 HLT=0
ES =0030 0000000000000000 00000000 00009300 DPL=0 DS   [-WA]
CS =0028 0000000000000000 00000000 00209b00 DPL=0 CS64 [-RA]
SS =0030 0000000000000000 00000000 00009300 DPL=0 DS   [-WA]
DS =0030 0000000000000000 00000000 00009300 DPL=0 DS   [-WA]
FS =0030 0000000000000000 00000000 00009300 DPL=0 DS   [-WA]
GS =0030 0000000000000000 00000000 00009300 DPL=0 DS   [-WA]
LDT=0000 0000000000000000 00000000 00008200 DPL=0 LDT
TR =0038 0000000000000000 00000000 00008900 DPL=0 TSS64-avl
GDT=     ffff800000016168 00000047
IDT=     ffffffff80004040 00000fff
CR0=80010011 CR2=0000000000000000 CR3=0000000007fa5000 CR4=00000020
DR0=0000000000000000 DR1=0000000000000000 DR2=0000000000000000 DR3=0000000000000000 
DR6=00000000ffff0ff0 DR7=0000000000000400
CCS=0000000000000014 CCD=ffff800007fb5f50 CCO=EFLAGS
EFER=0000000000000d00
Servicing hardware INT=0x21
    52: v=21 e=0000 i=0 cpl=0 IP=0028:ffffffff80000106 pc=ffffffff80000106 SP=0030:ffff800007fb5ff0 env->regs[R_EAX]=0000000000000320
RAX=0000000000000320 RBX=0000000000000000 RCX=0000000000000007 RDX=0000000000000000
RSI=00000000ffffffff RDI=000000000000000a RBP=ffff800007fb5ff0 RSP=ffff800007fb5ff0
R8 =0000000000000000 R9 =0000000000000000 R10=0000000000000000 R11=0000000000000000
R12=0000000000000000 R13=0000000000000000 R14=0000000000000000 R15=0000000000000000
RIP=ffffffff80000106 RFL=00000216 [----AP-] CPL=0 II=0 A20=1 SMM=0 HLT=0
ES =0030 0000000000000000 00000000 00009300 DPL=0 DS   [-WA]
CS =0028 0000000000000000 00000000 00209b00 DPL=0 CS64 [-RA]
SS =0030 0000000000000000 00000000 00009300 DPL=0 DS   [-WA]
DS =0030 0000000000000000 00000000 00009300 DPL=0 DS   [-WA]
FS =0030 0000000000000000 00000000 00009300 DPL=0 DS   [-WA]
GS =0030 0000000000000000 00000000 00009300 DPL=0 DS   [-WA]
LDT=0000 0000000000000000 00000000 00008200 DPL=0 LDT
TR =0038 0000000000000000 00000000 00008900 DPL=0 TSS64-avl
GDT=     ffff800000016168 00000047
IDT=     ffffffff80004040 00000fff
CR0=80010011 CR2=0000000000000000 CR3=0000000007fa5000 CR4=00000020
DR0=0000000000000000 DR1=0000000000000000 DR2=0000000000000000 DR3=0000000000000000 
DR6=00000000ffff0ff0 DR7=0000000000000400
CCS=0000000000000014 CCD=ffff800007fb5f50 CCO=EFLAGS
EFER=0000000000000d00
Servicing hardware INT=0x21
    53: v=21 e=0000 i=0 cpl=0 IP=0028:ffffffff80000106 pc=ffffffff80000106 SP=0030:ffff800007fb5ff0 env->regs[R_EAX]=0000000000000320
RAX=0000000000000320 RBX=0000000000000000 RCX=0000000000000007 RDX=0000000000000000
RSI=00000000ffffffff RDI=000000000000000a RBP=ffff800007fb5ff0 RSP=ffff800007fb5ff0
R8 =0000000000000000 R9 =0000000000000000 R10=0000000000000000 R11=0000000000000000
R12=0000000000000000 R13=0000000000000000 R14=0000000000000000 R15=0000000000000000
RIP=ffffffff80000106 RFL=00000216 [----AP-] CPL=0 II=0 A20=1 SMM=0 HLT=0
ES =0030 0000000000000000 00000000 00009300 DPL=0 DS   [-WA]
CS =0028 0000000000000000 00000000 00209b00 DPL=0 CS64 [-RA]
SS =0030 0000000000000000 00000000 00009300 DPL=0 DS   [-WA]
DS =0030 0000000000000000 00000000 00009300 DPL=0 DS   [-WA]
FS =0030 0000000000000000 00000000 00009300 DPL=0 DS   [-WA]
GS =0030 0000000000000000 00000000 00009300 DPL=0 DS   [-WA]
LDT=0000 0000000000000000 00000000 00008200 DPL=0 LDT
TR =0038 0000000000000000 00000000 00008900 DPL=0 TSS64-avl
GDT=     ffff800000016168 00000047
IDT=     ffffffff80004040 00000fff
CR0=80010011 CR2=0000000000000000 CR3=0000000007fa5000 CR4=00000020
DR0=0000000000000000 DR1=0000000000000000 DR2=0000000000000000 DR3=0000000000000000 
DR6=00000000ffff0ff0 DR7=0000000000000400
CCS=0000000000000014 CCD=ffff800007fb5f50 CCO=EFLAGS
EFER=0000000000000d00
Servicing hardware INT=0x21
    54: v=21 e=0000 i=0 cpl=0 IP=0028:ffffffff80000106 pc=ffffffff80000106 SP=0030:ffff800007fb5ff0 env->regs[R_EAX]=0000000000000320
RAX=0000000000000320 RBX=0000000000000000 RCX=0000000000000007 RDX=0000000000000000
RSI=00000000ffffffff RDI=000000000000000a RBP=ffff800007fb5ff0 RSP=ffff800007fb5ff0
R8 =0000000000000000 R9 =0000000000000000 R10=0000000000000000 R11=0000000000000000
R12=0000000000000000 R13=0000000000000000 R14=0000000000000000 R15=0000000000000000
RIP=ffffffff80000106 RFL=00000216 [----AP-] CPL=0 II=0 A20=1 SMM=0 HLT=0
ES =0030 0000000000000000 00000000 00009300 DPL=0 DS   [-WA]
CS =0028 0000000000000000 00000000 00209b00 DPL=0 CS64 [-RA]
SS =0030 0000000000000000 00000000 00009300 DPL=0 DS   [-WA]
DS =0030 0000000000000000 00000000 00009300 DPL=0 DS   [-WA]
FS =0030 0000000000000000 00000000 00009300 DPL=0 DS   [-WA]
GS =0030 0000000000000000 00000000 00009300 DPL=0 DS   [-WA]
LDT=0000 0000000000000000 00000000 00008200 DPL=0 LDT
TR =0038 0000000000000000 00000000 00008900 DPL=0 TSS64-avl
GDT=     ffff800000016168 00000047
IDT=     ffffffff80004040 00000fff
CR0=80010011 CR2=0000000000000000 CR3=0000000007fa5000 CR4=00000020
DR0=0000000000000000 DR1=0000000000000000 DR2=0000000000000000 DR3=0000000000000000 
DR6=00000000ffff0ff0 DR7=0000000000000400
CCS=0000000000000014 CCD=ffff800007fb5f50 CCO=EFLAGS
EFER=0000000000000d00
Servicing hardware INT=0x21
    55: v=21 e=0000 i=0 cpl=0 IP=0028:ffffffff80000106 pc=ffffffff80000106 SP=0030:ffff800007fb5ff0 env->regs[R_EAX]=0000000000000320
RAX=0000000000000320 RBX=0000000000000000 RCX=0000000000000007 RDX=0000000000000000
RSI=00000000ffffffff RDI=000000000000000a RBP=ffff800007fb5ff0 RSP=ffff800007fb5ff0
R8 =0000000000000000 R9 =0000000000000000 R10=0000000000000000 R11=0000000000000000
R12=0000000000000000 R13=0000000000000000 R14=0000000000000000 R15=0000000000000000
RIP=ffffffff80000106 RFL=00000216 [----AP-] CPL=0 II=0 A20=1 SMM=0 HLT=0
ES =0030 0000000000000000 00000000 00009300 DPL=0 DS   [-WA]
CS =0028 0000000000000000 00000000 00209b00 DPL=0 CS64 [-RA]
SS =0030 0000000000000000 00000000 00009300 DPL=0 DS   [-WA]
DS =0030 0000000000000000 00000000 00009300 DPL=0 DS   [-WA]
FS =0030 0000000000000000 00000000 00009300 DPL=0 DS   [-WA]
GS =0030 0000000000000000 00000000 00009300 DPL=0 DS   [-WA]
LDT=0000 0000000000000000 00000000 00008200 DPL=0 LDT
TR =0038 0000000000000000 00000000 00008900 DPL=0 TSS64-avl
GDT=     ffff800000016168 00000047
IDT=     ffffffff80004040 00000fff
CR0=80010011 CR2=0000000000000000 CR3=0000000007fa5000 CR4=00000020
DR0=0000000000000000 DR1=0000000000000000 DR2=0000000000000000 DR3=0000000000000000 
DR6=00000000ffff0ff0 DR7=0000000000000400
CCS=0000000000000014 CCD=ffff800007fb5f50 CCO=EFLAGS
EFER=0000000000000d00
Servicing hardware INT=0x21
    56: v=21 e=0000 i=0 cpl=0 IP=0028:ffffffff80000106 pc=ffffffff80000106 SP=0030:ffff800007fb5ff0 env->regs[R_EAX]=0000000000000320
RAX=0000000000000320 RBX=0000000000000000 RCX=0000000000000007 RDX=0000000000000000
RSI=00000000ffffffff RDI=000000000000000a RBP=ffff800007fb5ff0 RSP=ffff800007fb5ff0
R8 =0000000000000000 R9 =0000000000000000 R10=0000000000000000 R11=0000000000000000
R12=0000000000000000 R13=0000000000000000 R14=0000000000000000 R15=0000000000000000
RIP=ffffffff80000106 RFL=00000216 [----AP-] CPL=0 II=0 A20=1 SMM=0 HLT=0
ES =0030 0000000000000000 00000000 00009300 DPL=0 DS   [-WA]
CS =0028 0000000000000000 00000000 00209b00 DPL=0 CS64 [-RA]
SS =0030 0000000000000000 00000000 00009300 DPL=0 DS   [-WA]
DS =0030 0000000000000000 00000000 00009300 DPL=0 DS   [-WA]
FS =0030 0000000000000000 00000000 00009300 DPL=0 DS   [-WA]
GS =0030 0000000000000000 00000000 00009300 DPL=0 DS   [-WA]
LDT=0000 0000000000000000 00000000 00008200 DPL=0 LDT
TR =0038 0000000000000000 00000000 00008900 DPL=0 TSS64-avl
GDT=     ffff800000016168 00000047
IDT=     ffffffff80004040 00000fff
CR0=80010011 CR2=0000000000000000 CR3=0000000007fa5000 CR4=00000020
DR0=0000000000000000 DR1=0000000000000000 DR2=0000000000000000 DR3=0000000000000000 
DR6=00000000ffff0ff0 DR7=0000000000000400
CCS=0000000000000014 CCD=ffff800007fb5f50 CCO=EFLAGS
EFER=0000000000000d00
Servicing hardware INT=0x21
    57: v=21 e=0000 i=0 cpl=0 IP=0028:ffffffff80000106 pc=ffffffff80000106 SP=0030:ffff800007fb5ff0 env->regs[R_EAX]=0000000000000320
RAX=0000000000000320 RBX=0000000000000000 RCX=0000000000000007 RDX=0000000000000000
RSI=00000000ffffffff RDI=000000000000000a RBP=ffff800007fb5ff0 RSP=ffff800007fb5ff0
R8 =0000000000000000 R9 =0000000000000000 R10=0000000000000000 R11=0000000000000000
R12=0000000000000000 R13=0000000000000000 R14=0000000000000000 R15=0000000000000000
RIP=ffffffff80000106 RFL=00000216 [----AP-] CPL=0 II=0 A20=1 SMM=0 HLT=0
ES =0030 0000000000000000 00000000 00009300 DPL=0 DS   [-WA]
CS =0028 0000000000000000 00000000 00209b00 DPL=0 CS64 [-RA]
SS =0030 0000000000000000 00000000 00009300 DPL=0 DS   [-WA]
DS =0030 0000000000000000 00000000 00009300 DPL=0 DS   [-WA]
FS =0030 0000000000000000 00000000 00009300 DPL=0 DS   [-WA]
GS =0030 0000000000000000 00000000 00009300 DPL=0 DS   [-WA]
LDT=0000 0000000000000000 00000000 00008200 DPL=0 LDT
TR =0038 0000000000000000 00000000 00008900 DPL=0 TSS64-avl
GDT=     ffff800000016168 00000047
IDT=     ffffffff80004040 00000fff
CR0=80010011 CR2=0000000000000000 CR3=0000000007fa5000 CR4=00000020
DR0=0000000000000000 DR1=0000000000000000 DR2=0000000000000000 DR3=0000000000000000 
DR6=00000000ffff0ff0 DR7=0000000000000400
CCS=0000000000000014 CCD=ffff800007fb5f50 CCO=EFLAGS
EFER=0000000000000d00
Servicing hardware INT=0x21
    58: v=21 e=0000 i=0 cpl=0 IP=0028:ffffffff80000106 pc=ffffffff80000106 SP=0030:ffff800007fb5ff0 env->regs[R_EAX]=0000000000000320
RAX=0000000000000320 RBX=0000000000000000 RCX=0000000000000007 RDX=0000000000000000
RSI=00000000ffffffff RDI=000000000000000a RBP=ffff800007fb5ff0 RSP=ffff800007fb5ff0
R8 =0000000000000000 R9 =0000000000000000 R10=0000000000000000 R11=0000000000000000
R12=0000000000000000 R13=0000000000000000 R14=0000000000000000 R15=0000000000000000
RIP=ffffffff80000106 RFL=00000216 [----AP-] CPL=0 II=0 A20=1 SMM=0 HLT=0
ES =0030 0000000000000000 00000000 00009300 DPL=0 DS   [-WA]
CS =0028 0000000000000000 00000000 00209b00 DPL=0 CS64 [-RA]
SS =0030 0000000000000000 00000000 00009300 DPL=0 DS   [-WA]
DS =0030 0000000000000000 00000000 00009300 DPL=0 DS   [-WA]
FS =0030 0000000000000000 00000000 00009300 DPL=0 DS   [-WA]
GS =0030 0000000000000000 00000000 00009300 DPL=0 DS   [-WA]
LDT=0000 0000000000000000 00000000 00008200 DPL=0 LDT
TR =0038 0000000000000000 00000000 00008900 DPL=0 TSS64-avl
GDT=     ffff800000016168 00000047
IDT=     ffffffff80004040 00000fff
CR0=80010011 CR2=0000000000000000 CR3=0000000007fa5000 CR4=00000020
DR0=0000000000000000 DR1=0000000000000000 DR2=0000000000000000 DR3=0000000000000000 
DR6=00000000ffff0ff0 DR7=0000000000000400
CCS=0000000000000014 CCD=ffff800007fb5f50 CCO=EFLAGS
EFER=0000000000000d00
Servicing hardware INT=0x21
    59: v=21 e=0000 i=0 cpl=0 IP=0028:ffffffff80000106 pc=ffffffff80000106 SP=0030:ffff800007fb5ff0 env->regs[R_EAX]=0000000000000320
RAX=0000000000000320 RBX=0000000000000000 RCX=0000000000000007 RDX=0000000000000000
RSI=00000000ffffffff RDI=000000000000000a RBP=ffff800007fb5ff0 RSP=ffff800007fb5ff0
R8 =0000000000000000 R9 =0000000000000000 R10=0000000000000000 R11=0000000000000000
R12=0000000000000000 R13=0000000000000000 R14=0000000000000000 R15=0000000000000000
RIP=ffffffff80000106 RFL=00000216 [----AP-] CPL=0 II=0 A20=1 SMM=0 HLT=0
ES =0030 0000000000000000 00000000 00009300 DPL=0 DS   [-WA]
CS =0028 0000000000000000 00000000 00209b00 DPL=0 CS64 [-RA]
SS =0030 0000000000000000 00000000 00009300 DPL=0 DS   [-WA]
DS =0030 0000000000000000 00000000 00009300 DPL=0 DS   [-WA]
FS =0030 0000000000000000 00000000 00009300 DPL=0 DS   [-WA]
GS =0030 0000000000000000 00000000 00009300 DPL=0 DS   [-WA]
LDT=0000 0000000000000000 00000000 00008200 DPL=0 LDT
TR =0038 0000000000000000 00000000 00008900 DPL=0 TSS64-avl
GDT=     ffff800000016168 00000047
IDT=     ffffffff80004040 00000fff
CR0=80010011 CR2=0000000000000000 CR3=0000000007fa5000 CR4=00000020
DR0=0000000000000000 DR1=0000000000000000 DR2=0000000000000000 DR3=0000000000000000 
DR6=00000000ffff0ff0 DR7=0000000000000400
CCS=0000000000000014 CCD=ffff800007fb5f50 CCO=EFLAGS
EFER=0000000000000d00
Servicing hardware INT=0x21
    60: v=21 e=0000 i=0 cpl=0 IP=0028:ffffffff80000106 pc=ffffffff80000106 SP=0030:ffff800007fb5ff0 env->regs[R_EAX]=0000000000000320
RAX=0000000000000320 RBX=0000000000000000 RCX=0000000000000007 RDX=0000000000000000
RSI=00000000ffffffff RDI=000000000000000a RBP=ffff800007fb5ff0 RSP=ffff800007fb5ff0
R8 =0000000000000000 R9 =0000000000000000 R10=0000000000000000 R11=0000000000000000
R12=0000000000000000 R13=0000000000000000 R14=0000000000000000 R15=0000000000000000
RIP=ffffffff80000106 RFL=00000216 [----AP-] CPL=0 II=0 A20=1 SMM=0 HLT=0
ES =0030 0000000000000000 00000000 00009300 DPL=0 DS   [-WA]
CS =0028 0000000000000000 00000000 00209b00 DPL=0 CS64 [-RA]
SS =0030 0000000000000000 00000000 00009300 DPL=0 DS   [-WA]
DS =0030 0000000000000000 00000000 00009300 DPL=0 DS   [-WA]
FS =0030 0000000000000000 00000000 00009300 DPL=0 DS   [-WA]
GS =0030 0000000000000000 00000000 00009300 DPL=0 DS   [-WA]
LDT=0000 0000000000000000 00000000 00008200 DPL=0 LDT
TR =0038 0000000000000000 00000000 00008900 DPL=0 TSS64-avl
GDT=     ffff800000016168 00000047
IDT=     ffffffff80004040 00000fff
CR0=80010011 CR2=0000000000000000 CR3=0000000007fa5000 CR4=00000020
DR0=0000000000000000 DR1=0000000000000000 DR2=0000000000000000 DR3=0000000000000000 
DR6=00000000ffff0ff0 DR7=0000000000000400
CCS=0000000000000014 CCD=ffff800007fb5f50 CCO=EFLAGS
EFER=0000000000000d00
Servicing hardware INT=0x21
    61: v=21 e=0000 i=0 cpl=0 IP=0028:ffffffff80000106 pc=ffffffff80000106 SP=0030:ffff800007fb5ff0 env->regs[R_EAX]=0000000000000320
RAX=0000000000000320 RBX=0000000000000000 RCX=0000000000000007 RDX=0000000000000000
RSI=00000000ffffffff RDI=000000000000000a RBP=ffff800007fb5ff0 RSP=ffff800007fb5ff0
R8 =0000000000000000 R9 =0000000000000000 R10=0000000000000000 R11=0000000000000000
R12=0000000000000000 R13=0000000000000000 R14=0000000000000000 R15=0000000000000000
RIP=ffffffff80000106 RFL=00000216 [----AP-] CPL=0 II=0 A20=1 SMM=0 HLT=0
ES =0030 0000000000000000 00000000 00009300 DPL=0 DS   [-WA]
CS =0028 0000000000000000 00000000 00209b00 DPL=0 CS64 [-RA]
SS =0030 0000000000000000 00000000 00009300 DPL=0 DS   [-WA]
DS =0030 0000000000000000 00000000 00009300 DPL=0 DS   [-WA]
FS =0030 0000000000000000 00000000 00009300 DPL=0 DS   [-WA]
GS =0030 0000000000000000 00000000 00009300 DPL=0 DS   [-WA]
LDT=0000 0000000000000000 00000000 00008200 DPL=0 LDT
TR =0038 0000000000000000 00000000 00008900 DPL=0 TSS64-avl
GDT=     ffff800000016168 00000047
IDT=     ffffffff80004040 00000fff
CR0=80010011 CR2=0000000000000000 CR3=0000000007fa5000 CR4=00000020
DR0=0000000000000000 DR1=0000000000000000 DR2=0000000000000000 DR3=0000000000000000 
DR6=00000000ffff0ff0 DR7=0000000000000400
CCS=0000000000000014 CCD=ffff800007fb5f50 CCO=EFLAGS
EFER=0000000000000d00
Servicing hardware INT=0x21
    62: v=21 e=0000 i=0 cpl=0 IP=0028:ffffffff80000106 pc=ffffffff80000106 SP=0030:ffff800007fb5ff0 env->regs[R_EAX]=0000000000000320
RAX=0000000000000320 RBX=0000000000000000 RCX=0000000000000007 RDX=0000000000000000
RSI=00000000ffffffff RDI=000000000000000a RBP=ffff800007fb5ff0 RSP=ffff800007fb5ff0
R8 =0000000000000000 R9 =0000000000000000 R10=0000000000000000 R11=0000000000000000
R12=0000000000000000 R13=0000000000000000 R14=0000000000000000 R15=0000000000000000
RIP=ffffffff80000106 RFL=00000216 [----AP-] CPL=0 II=0 A20=1 SMM=0 HLT=0
ES =0030 0000000000000000 00000000 00009300 DPL=0 DS   [-WA]
CS =0028 0000000000000000 00000000 00209b00 DPL=0 CS64 [-RA]
SS =0030 0000000000000000 00000000 00009300 DPL=0 DS   [-WA]
DS =0030 0000000000000000 00000000 00009300 DPL=0 DS   [-WA]
FS =0030 0000000000000000 00000000 00009300 DPL=0 DS   [-WA]
GS =0030 0000000000000000 00000000 00009300 DPL=0 DS   [-WA]
LDT=0000 0000000000000000 00000000 00008200 DPL=0 LDT
TR =0038 0000000000000000 00000000 00008900 DPL=0 TSS64-avl
GDT=     ffff800000016168 00000047
IDT=     ffffffff80004040 00000fff
CR0=80010011 CR2=0000000000000000 CR3=0000000007fa5000 CR4=00000020
DR0=0000000000000000 DR1=0000000000000000 DR2=0000000000000000 DR3=0000000000000000 
DR6=00000000ffff0ff0 DR7=0000000000000400
CCS=0000000000000014 CCD=ffff800007fb5f50 CCO=EFLAGS
EFER=0000000000000d00
Servicing hardware INT=0x21
    63: v=21 e=0000 i=0 cpl=0 IP=0028:ffffffff80000106 pc=ffffffff80000106 SP=0030:ffff800007fb5ff0 env->regs[R_EAX]=0000000000000320
RAX=0000000000000320 RBX=0000000000000000 RCX=0000000000000007 RDX=0000000000000000
RSI=00000000ffffffff RDI=000000000000000a RBP=ffff800007fb5ff0 RSP=ffff800007fb5ff0
R8 =0000000000000000 R9 =0000000000000000 R10=0000000000000000 R11=0000000000000000
R12=0000000000000000 R13=0000000000000000 R14=0000000000000000 R15=0000000000000000
RIP=ffffffff80000106 RFL=00000216 [----AP-] CPL=0 II=0 A20=1 SMM=0 HLT=0
ES =0030 0000000000000000 00000000 00009300 DPL=0 DS   [-WA]
CS =0028 0000000000000000 00000000 00209b00 DPL=0 CS64 [-RA]
SS =0030 0000000000000000 00000000 00009300 DPL=0 DS   [-WA]
DS =0030 0000000000000000 00000000 00009300 DPL=0 DS   [-WA]
FS =0030 0000000000000000 00000000 00009300 DPL=0 DS   [-WA]
GS =0030 0000000000000000 00000000 00009300 DPL=0 DS   [-WA]
LDT=0000 0000000000000000 00000000 00008200 DPL=0 LDT
TR =0038 0000000000000000 00000000 00008900 DPL=0 TSS64-avl
GDT=     ffff800000016168 00000047
IDT=     ffffffff80004040 00000fff
CR0=80010011 CR2=0000000000000000 CR3=0000000007fa5000 CR4=00000020
DR0=0000000000000000 DR1=0000000000000000 DR2=0000000000000000 DR3=0000000000000000 
DR6=00000000ffff0ff0 DR7=0000000000000400
CCS=0000000000000014 CCD=ffff800007fb5f50 CCO=EFLAGS
EFER=0000000000000d00
Servicing hardware INT=0x21
    64: v=21 e=0000 i=0 cpl=0 IP=0028:ffffffff80000106 pc=ffffffff80000106 SP=0030:ffff800007fb5ff0 env->regs[R_EAX]=0000000000000320
RAX=0000000000000320 RBX=0000000000000000 RCX=0000000000000007 RDX=0000000000000000
RSI=00000000ffffffff RDI=000000000000000a RBP=ffff800007fb5ff0 RSP=ffff800007fb5ff0
R8 =0000000000000000 R9 =0000000000000000 R10=0000000000000000 R11=0000000000000000
R12=0000000000000000 R13=0000000000000000 R14=0000000000000000 R15=0000000000000000
RIP=ffffffff80000106 RFL=00000216 [----AP-] CPL=0 II=0 A20=1 SMM=0 HLT=0
ES =0030 0000000000000000 00000000 00009300 DPL=0 DS   [-WA]
CS =0028 0000000000000000 00000000 00209b00 DPL=0 CS64 [-RA]
SS =0030 0000000000000000 00000000 00009300 DPL=0 DS   [-WA]
DS =0030 0000000000000000 00000000 00009300 DPL=0 DS   [-WA]
FS =0030 0000000000000000 00000000 00009300 DPL=0 DS   [-WA]
GS =0030 0000000000000000 00000000 00009300 DPL=0 DS   [-WA]
LDT=0000 0000000000000000 00000000 00008200 DPL=0 LDT
TR =0038 0000000000000000 00000000 00008900 DPL=0 TSS64-avl
GDT=     ffff800000016168 00000047
IDT=     ffffffff80004040 00000fff
CR0=80010011 CR2=0000000000000000 CR3=0000000007fa5000 CR4=00000020
DR0=0000000000000000 DR1=0000000000000000 DR2=0000000000000000 DR3=0000000000000000 
DR6=00000000ffff0ff0 DR7=0000000000000400
CCS=0000000000000014 CCD=ffff800007fb5f50 CCO=EFLAGS
EFER=0000000000000d00
Servicing hardware INT=0x21
    65: v=21 e=0000 i=0 cpl=0 IP=0028:ffffffff80000106 pc=ffffffff80000106 SP=0030:ffff800007fb5ff0 env->regs[R_EAX]=0000000000000320
RAX=0000000000000320 RBX=0000000000000000 RCX=0000000000000007 RDX=0000000000000000
RSI=00000000ffffffff RDI=000000000000000a RBP=ffff800007fb5ff0 RSP=ffff800007fb5ff0
R8 =0000000000000000 R9 =0000000000000000 R10=0000000000000000 R11=0000000000000000
R12=0000000000000000 R13=0000000000000000 R14=0000000000000000 R15=0000000000000000
RIP=ffffffff80000106 RFL=00000216 [----AP-] CPL=0 II=0 A20=1 SMM=0 HLT=0
ES =0030 0000000000000000 00000000 00009300 DPL=0 DS   [-WA]
CS =0028 0000000000000000 00000000 00209b00 DPL=0 CS64 [-RA]
SS =0030 0000000000000000 00000000 00009300 DPL=0 DS   [-WA]
DS =0030 0000000000000000 00000000 00009300 DPL=0 DS   [-WA]
FS =0030 0000000000000000 00000000 00009300 DPL=0 DS   [-WA]
GS =0030 0000000000000000 00000000 00009300 DPL=0 DS   [-WA]
LDT=0000 0000000000000000 00000000 00008200 DPL=0 LDT
TR =0038 0000000000000000 00000000 00008900 DPL=0 TSS64-avl
GDT=     ffff800000016168 00000047
IDT=     ffffffff80004040 00000fff
CR0=80010011 CR2=0000000000000000 CR3=0000000007fa5000 CR4=00000020
DR0=0000000000000000 DR1=0000000000000000 DR2=0000000000000000 DR3=0000000000000000 
DR6=00000000ffff0ff0 DR7=0000000000000400
CCS=0000000000000014 CCD=ffff800007fb5f50 CCO=EFLAGS
EFER=0000000000000d00
Servicing hardware INT=0x21
    66: v=21 e=0000 i=0 cpl=0 IP=0028:ffffffff80000106 pc=ffffffff80000106 SP=0030:ffff800007fb5ff0 env->regs[R_EAX]=0000000000000320
RAX=0000000000000320 RBX=0000000000000000 RCX=0000000000000007 RDX=0000000000000000
RSI=00000000ffffffff RDI=000000000000000a RBP=ffff800007fb5ff0 RSP=ffff800007fb5ff0
R8 =0000000000000000 R9 =0000000000000000 R10=0000000000000000 R11=0000000000000000
R12=0000000000000000 R13=0000000000000000 R14=0000000000000000 R15=0000000000000000
RIP=ffffffff80000106 RFL=00000216 [----AP-] CPL=0 II=0 A20=1 SMM=0 HLT=0
ES =0030 0000000000000000 00000000 00009300 DPL=0 DS   [-WA]
CS =0028 0000000000000000 00000000 00209b00 DPL=0 CS64 [-RA]
SS =0030 0000000000000000 00000000 00009300 DPL=0 DS   [-WA]
DS =0030 0000000000000000 00000000 00009300 DPL=0 DS   [-WA]
FS =0030 0000000000000000 00000000 00009300 DPL=0 DS   [-WA]
GS =0030 0000000000000000 00000000 00009300 DPL=0 DS   [-WA]
LDT=0000 0000000000000000 00000000 00008200 DPL=0 LDT
TR =0038 0000000000000000 00000000 00008900 DPL=0 TSS64-avl
GDT=     ffff800000016168 00000047
IDT=     ffffffff80004040 00000fff
CR0=80010011 CR2=0000000000000000 CR3=0000000007fa5000 CR4=00000020
DR0=0000000000000000 DR1=0000000000000000 DR2=0000000000000000 DR3=0000000000000000 
DR6=00000000ffff0ff0 DR7=0000000000000400
CCS=0000000000000014 CCD=ffff800007fb5f50 CCO=EFLAGS
EFER=0000000000000d00
Servicing hardware INT=0x21
    67: v=21 e=0000 i=0 cpl=0 IP=0028:ffffffff80000106 pc=ffffffff80000106 SP=0030:ffff800007fb5ff0 env->regs[R_EAX]=0000000000000320
RAX=0000000000000320 RBX=0000000000000000 RCX=0000000000000007 RDX=0000000000000000
RSI=00000000ffffffff RDI=000000000000000a RBP=ffff800007fb5ff0 RSP=ffff800007fb5ff0
R8 =0000000000000000 R9 =0000000000000000 R10=0000000000000000 R11=0000000000000000
R12=0000000000000000 R13=0000000000000000 R14=0000000000000000 R15=0000000000000000
RIP=ffffffff80000106 RFL=00000216 [----AP-] CPL=0 II=0 A20=1 SMM=0 HLT=0
ES =0030 0000000000000000 00000000 00009300 DPL=0 DS   [-WA]
CS =0028 0000000000000000 00000000 00209b00 DPL=0 CS64 [-RA]
SS =0030 0000000000000000 00000000 00009300 DPL=0 DS   [-WA]
DS =0030 0000000000000000 00000000 00009300 DPL=0 DS   [-WA]
FS =0030 0000000000000000 00000000 00009300 DPL=0 DS   [-WA]
GS =0030 0000000000000000 00000000 00009300 DPL=0 DS   [-WA]
LDT=0000 0000000000000000 00000000 00008200 DPL=0 LDT
TR =0038 0000000000000000 00000000 00008900 DPL=0 TSS64-avl
GDT=     ffff800000016168 00000047
IDT=     ffffffff80004040 00000fff
CR0=80010011 CR2=0000000000000000 CR3=0000000007fa5000 CR4=00000020
DR0=0000000000000000 DR1=0000000000000000 DR2=0000000000000000 DR3=0000000000000000 
DR6=00000000ffff0ff0 DR7=0000000000000400
CCS=0000000000000014 CCD=ffff800007fb5f50 CCO=EFLAGS
EFER=0000000000000d00
Servicing hardware INT=0x21
    68: v=21 e=0000 i=0 cpl=0 IP=0028:ffffffff80000106 pc=ffffffff80000106 SP=0030:ffff800007fb5ff0 env->regs[R_EAX]=0000000000000320
RAX=0000000000000320 RBX=0000000000000000 RCX=0000000000000007 RDX=0000000000000000
RSI=00000000ffffffff RDI=000000000000000a RBP=ffff800007fb5ff0 RSP=ffff800007fb5ff0
R8 =0000000000000000 R9 =0000000000000000 R10=0000000000000000 R11=0000000000000000
R12=0000000000000000 R13=0000000000000000 R14=0000000000000000 R15=0000000000000000
RIP=ffffffff80000106 RFL=00000216 [----AP-] CPL=0 II=0 A20=1 SMM=0 HLT=0
ES =0030 0000000000000000 00000000 00009300 DPL=0 DS   [-WA]
CS =0028 0000000000000000 00000000 00209b00 DPL=0 CS64 [-RA]
SS =0030 0000000000000000 00000000 00009300 DPL=0 DS   [-WA]
DS =0030 0000000000000000 00000000 00009300 DPL=0 DS   [-WA]
FS =0030 0000000000000000 00000000 00009300 DPL=0 DS   [-WA]
GS =0030 0000000000000000 00000000 00009300 DPL=0 DS   [-WA]
LDT=0000 0000000000000000 00000000 00008200 DPL=0 LDT
TR =0038 0000000000000000 00000000 00008900 DPL=0 TSS64-avl
GDT=     ffff800000016168 00000047
IDT=     ffffffff80004040 00000fff
CR0=80010011 CR2=0000000000000000 CR3=0000000007fa5000 CR4=00000020
DR0=0000000000000000 DR1=0000000000000000 DR2=0000000000000000 DR3=0000000000000000 
DR6=00000000ffff0ff0 DR7=0000000000000400
CCS=0000000000000014 CCD=ffff800007fb5f50 CCO=EFLAGS
EFER=0000000000000d00
Servicing hardware INT=0x21
    69: v=21 e=0000 i=0 cpl=0 IP=0028:ffffffff80000106 pc=ffffffff80000106 SP=0030:ffff800007fb5ff0 env->regs[R_EAX]=0000000000000320
RAX=0000000000000320 RBX=0000000000000000 RCX=0000000000000007 RDX=0000000000000000
RSI=00000000ffffffff RDI=000000000000000a RBP=ffff800007fb5ff0 RSP=ffff800007fb5ff0
R8 =0000000000000000 R9 =0000000000000000 R10=0000000000000000 R11=0000000000000000
R12=0000000000000000 R13=0000000000000000 R14=0000000000000000 R15=0000000000000000
RIP=ffffffff80000106 RFL=00000216 [----AP-] CPL=0 II=0 A20=1 SMM=0 HLT=0
ES =0030 0000000000000000 00000000 00009300 DPL=0 DS   [-WA]
CS =0028 0000000000000000 00000000 00209b00 DPL=0 CS64 [-RA]
SS =0030 0000000000000000 00000000 00009300 DPL=0 DS   [-WA]
DS =0030 0000000000000000 00000000 00009300 DPL=0 DS   [-WA]
FS =0030 0000000000000000 00000000 00009300 DPL=0 DS   [-WA]
GS =0030 0000000000000000 00000000 00009300 DPL=0 DS   [-WA]
LDT=0000 0000000000000000 00000000 00008200 DPL=0 LDT
TR =0038 0000000000000000 00000000 00008900 DPL=0 TSS64-avl
GDT=     ffff800000016168 00000047
IDT=     ffffffff80004040 00000fff
CR0=80010011 CR2=0000000000000000 CR3=0000000007fa5000 CR4=00000020
DR0=0000000000000000 DR1=0000000000000000 DR2=0000000000000000 DR3=0000000000000000 
DR6=00000000ffff0ff0 DR7=0000000000000400
CCS=0000000000000014 CCD=ffff800007fb5f50 CCO=EFLAGS
EFER=0000000000000d00
Servicing hardware INT=0x21
    70: v=21 e=0000 i=0 cpl=0 IP=0028:ffffffff80000106 pc=ffffffff80000106 SP=0030:ffff800007fb5ff0 env->regs[R_EAX]=0000000000000320
RAX=0000000000000320 RBX=0000000000000000 RCX=0000000000000007 RDX=0000000000000000
RSI=00000000ffffffff RDI=000000000000000a RBP=ffff800007fb5ff0 RSP=ffff800007fb5ff0
R8 =0000000000000000 R9 =0000000000000000 R10=0000000000000000 R11=0000000000000000
R12=0000000000000000 R13=0000000000000000 R14=0000000000000000 R15=0000000000000000
RIP=ffffffff80000106 RFL=00000216 [----AP-] CPL=0 II=0 A20=1 SMM=0 HLT=0
ES =0030 0000000000000000 00000000 00009300 DPL=0 DS   [-WA]
CS =0028 0000000000000000 00000000 00209b00 DPL=0 CS64 [-RA]
SS =0030 0000000000000000 00000000 00009300 DPL=0 DS   [-WA]
DS =0030 0000000000000000 00000000 00009300 DPL=0 DS   [-WA]
FS =0030 0000000000000000 00000000 00009300 DPL=0 DS   [-WA]
GS =0030 0000000000000000 00000000 00009300 DPL=0 DS   [-WA]
LDT=0000 0000000000000000 00000000 00008200 DPL=0 LDT
TR =0038 0000000000000000 00000000 00008900 DPL=0 TSS64-avl
GDT=     ffff800000016168 00000047
IDT=     ffffffff80004040 00000fff
CR0=80010011 CR2=0000000000000000 CR3=0000000007fa5000 CR4=00000020
DR0=0000000000000000 DR1=0000000000000000 DR2=0000000000000000 DR3=0000000000000000 
DR6=00000000ffff0ff0 DR7=0000000000000400
CCS=0000000000000014 CCD=ffff800007fb5f50 CCO=EFLAGS
EFER=0000000000000d00
Servicing hardware INT=0x21
    71: v=21 e=0000 i=0 cpl=0 IP=0028:ffffffff80000106 pc=ffffffff80000106 SP=0030:ffff800007fb5ff0 env->regs[R_EAX]=0000000000000320
RAX=0000000000000320 RBX=0000000000000000 RCX=0000000000000007 RDX=0000000000000000
RSI=00000000ffffffff RDI=000000000000000a RBP=ffff800007fb5ff0 RSP=ffff800007fb5ff0
R8 =0000000000000000 R9 =0000000000000000 R10=0000000000000000 R11=0000000000000000
R12=0000000000000000 R13=0000000000000000 R14=0000000000000000 R15=0000000000000000
RIP=ffffffff80000106 RFL=00000216 [----AP-] CPL=0 II=0 A20=1 SMM=0 HLT=0
ES =0030 0000000000000000 00000000 00009300 DPL=0 DS   [-WA]
CS =0028 0000000000000000 00000000 00209b00 DPL=0 CS64 [-RA]
SS =0030 0000000000000000 00000000 00009300 DPL=0 DS   [-WA]
DS =0030 0000000000000000 00000000 00009300 DPL=0 DS   [-WA]
FS =0030 0000000000000000 00000000 00009300 DPL=0 DS   [-WA]
GS =0030 0000000000000000 00000000 00009300 DPL=0 DS   [-WA]
LDT=0000 0000000000000000 00000000 00008200 DPL=0 LDT
TR =0038 0000000000000000 00000000 00008900 DPL=0 TSS64-avl
GDT=     ffff800000016168 00000047
IDT=     ffffffff80004040 00000fff
CR0=80010011 CR2=0000000000000000 CR3=0000000007fa5000 CR4=00000020
DR0=0000000000000000 DR1=0000000000000000 DR2=0000000000000000 DR3=0000000000000000 
DR6=00000000ffff0ff0 DR7=0000000000000400
CCS=0000000000000014 CCD=ffff800007fb5f50 CCO=EFLAGS
EFER=0000000000000d00
Servicing hardware INT=0x21
    72: v=21 e=0000 i=0 cpl=0 IP=0028:ffffffff80000106 pc=ffffffff80000106 SP=0030:ffff800007fb5ff0 env->regs[R_EAX]=0000000000000320
RAX=0000000000000320 RBX=0000000000000000 RCX=0000000000000007 RDX=0000000000000000
RSI=00000000ffffffff RDI=000000000000000a RBP=ffff800007fb5ff0 RSP=ffff800007fb5ff0
R8 =0000000000000000 R9 =0000000000000000 R10=0000000000000000 R11=0000000000000000
R12=0000000000000000 R13=0000000000000000 R14=0000000000000000 R15=0000000000000000
RIP=ffffffff80000106 RFL=00000216 [----AP-] CPL=0 II=0 A20=1 SMM=0 HLT=0
ES =0030 0000000000000000 00000000 00009300 DPL=0 DS   [-WA]
CS =0028 0000000000000000 00000000 00209b00 DPL=0 CS64 [-RA]
SS =0030 0000000000000000 00000000 00009300 DPL=0 DS   [-WA]
DS =0030 0000000000000000 00000000 00009300 DPL=0 DS   [-WA]
FS =0030 0000000000000000 00000000 00009300 DPL=0 DS   [-WA]
GS =0030 0000000000000000 00000000 00009300 DPL=0 DS   [-WA]
LDT=0000 0000000000000000 00000000 00008200 DPL=0 LDT
TR =0038 0000000000000000 00000000 00008900 DPL=0 TSS64-avl
GDT=     ffff800000016168 00000047
IDT=     ffffffff80004040 00000fff
CR0=80010011 CR2=0000000000000000 CR3=0000000007fa5000 CR4=00000020
DR0=0000000000000000 DR1=0000000000000000 DR2=0000000000000000 DR3=0000000000000000 
DR6=00000000ffff0ff0 DR7=0000000000000400
CCS=0000000000000014 CCD=ffff800007fb5f50 CCO=EFLAGS
EFER=0000000000000d00
Servicing hardware INT=0x21
    73: v=21 e=0000 i=0 cpl=0 IP=0028:ffffffff80000106 pc=ffffffff80000106 SP=0030:ffff800007fb5ff0 env->regs[R_EAX]=0000000000000320
RAX=0000000000000320 RBX=0000000000000000 RCX=0000000000000007 RDX=0000000000000000
RSI=00000000ffffffff RDI=000000000000000a RBP=ffff800007fb5ff0 RSP=ffff800007fb5ff0
R8 =0000000000000000 R9 =0000000000000000 R10=0000000000000000 R11=0000000000000000
R12=0000000000000000 R13=0000000000000000 R14=0000000000000000 R15=0000000000000000
RIP=ffffffff80000106 RFL=00000216 [----AP-] CPL=0 II=0 A20=1 SMM=0 HLT=0
ES =0030 0000000000000000 00000000 00009300 DPL=0 DS   [-WA]
CS =0028 0000000000000000 00000000 00209b00 DPL=0 CS64 [-RA]
SS =0030 0000000000000000 00000000 00009300 DPL=0 DS   [-WA]
DS =0030 0000000000000000 00000000 00009300 DPL=0 DS   [-WA]
FS =0030 0000000000000000 00000000 00009300 DPL=0 DS   [-WA]
GS =0030 0000000000000000 00000000 00009300 DPL=0 DS   [-WA]
LDT=0000 0000000000000000 00000000 00008200 DPL=0 LDT
TR =0038 0000000000000000 00000000 00008900 DPL=0 TSS64-avl
GDT=     ffff800000016168 00000047
IDT=     ffffffff80004040 00000fff
CR0=80010011 CR2=0000000000000000 CR3=0000000007fa5000 CR4=00000020
DR0=0000000000000000 DR1=0000000000000000 DR2=0000000000000000 DR3=0000000000000000 
DR6=00000000ffff0ff0 DR7=0000000000000400
CCS=0000000000000014 CCD=ffff800007fb5f50 CCO=EFLAGS
EFER=0000000000000d00
Servicing hardware INT=0x21
    74: v=21 e=0000 i=0 cpl=0 IP=0028:ffffffff80000106 pc=ffffffff80000106 SP=0030:ffff800007fb5ff0 env->regs[R_EAX]=0000000000000320
RAX=0000000000000320 RBX=0000000000000000 RCX=0000000000000007 RDX=0000000000000000
RSI=00000000ffffffff RDI=000000000000000a RBP=ffff800007fb5ff0 RSP=ffff800007fb5ff0
R8 =0000000000000000 R9 =0000000000000000 R10=0000000000000000 R11=0000000000000000
R12=0000000000000000 R13=0000000000000000 R14=0000000000000000 R15=0000000000000000
RIP=ffffffff80000106 RFL=00000216 [----AP-] CPL=0 II=0 A20=1 SMM=0 HLT=0
ES =0030 0000000000000000 00000000 00009300 DPL=0 DS   [-WA]
CS =0028 0000000000000000 00000000 00209b00 DPL=0 CS64 [-RA]
SS =0030 0000000000000000 00000000 00009300 DPL=0 DS   [-WA]
DS =0030 0000000000000000 00000000 00009300 DPL=0 DS   [-WA]
FS =0030 0000000000000000 00000000 00009300 DPL=0 DS   [-WA]
GS =0030 0000000000000000 00000000 00009300 DPL=0 DS   [-WA]
LDT=0000 0000000000000000 00000000 00008200 DPL=0 LDT
TR =0038 0000000000000000 00000000 00008900 DPL=0 TSS64-avl
GDT=     ffff800000016168 00000047
IDT=     ffffffff80004040 00000fff
CR0=80010011 CR2=0000000000000000 CR3=0000000007fa5000 CR4=00000020
DR0=0000000000000000 DR1=0000000000000000 DR2=0000000000000000 DR3=0000000000000000 
DR6=00000000ffff0ff0 DR7=0000000000000400
CCS=0000000000000014 CCD=ffff800007fb5f50 CCO=EFLAGS
EFER=0000000000000d00
Servicing hardware INT=0x21
    75: v=21 e=0000 i=0 cpl=0 IP=0028:ffffffff80000106 pc=ffffffff80000106 SP=0030:ffff800007fb5ff0 env->regs[R_EAX]=0000000000000320
RAX=0000000000000320 RBX=0000000000000000 RCX=0000000000000007 RDX=0000000000000000
RSI=00000000ffffffff RDI=000000000000000a RBP=ffff800007fb5ff0 RSP=ffff800007fb5ff0
R8 =0000000000000000 R9 =0000000000000000 R10=0000000000000000 R11=0000000000000000
R12=0000000000000000 R13=0000000000000000 R14=0000000000000000 R15=0000000000000000
RIP=ffffffff80000106 RFL=00000216 [----AP-] CPL=0 II=0 A20=1 SMM=0 HLT=0
ES =0030 0000000000000000 00000000 00009300 DPL=0 DS   [-WA]
CS =0028 0000000000000000 00000000 00209b00 DPL=0 CS64 [-RA]
SS =0030 0000000000000000 00000000 00009300 DPL=0 DS   [-WA]
DS =0030 0000000000000000 00000000 00009300 DPL=0 DS   [-WA]
FS =0030 0000000000000000 00000000 00009300 DPL=0 DS   [-WA]
GS =0030 0000000000000000 00000000 00009300 DPL=0 DS   [-WA]
LDT=0000 0000000000000000 00000000 00008200 DPL=0 LDT
TR =0038 0000000000000000 00000000 00008900 DPL=0 TSS64-avl
GDT=     ffff800000016168 00000047
IDT=     ffffffff80004040 00000fff
CR0=80010011 CR2=0000000000000000 CR3=0000000007fa5000 CR4=00000020
DR0=0000000000000000 DR1=0000000000000000 DR2=0000000000000000 DR3=0000000000000000 
DR6=00000000ffff0ff0 DR7=0000000000000400
CCS=0000000000000014 CCD=ffff800007fb5f50 CCO=EFLAGS
EFER=0000000000000d00
Servicing hardware INT=0x21
    76: v=21 e=0000 i=0 cpl=0 IP=0028:ffffffff80000106 pc=ffffffff80000106 SP=0030:ffff800007fb5ff0 env->regs[R_EAX]=0000000000000320
RAX=0000000000000320 RBX=0000000000000000 RCX=0000000000000007 RDX=0000000000000000
RSI=00000000ffffffff RDI=000000000000000a RBP=ffff800007fb5ff0 RSP=ffff800007fb5ff0
R8 =0000000000000000 R9 =0000000000000000 R10=0000000000000000 R11=0000000000000000
R12=0000000000000000 R13=0000000000000000 R14=0000000000000000 R15=0000000000000000
RIP=ffffffff80000106 RFL=00000216 [----AP-] CPL=0 II=0 A20=1 SMM=0 HLT=0
ES =0030 0000000000000000 00000000 00009300 DPL=0 DS   [-WA]
CS =0028 0000000000000000 00000000 00209b00 DPL=0 CS64 [-RA]
SS =0030 0000000000000000 00000000 00009300 DPL=0 DS   [-WA]
DS =0030 0000000000000000 00000000 00009300 DPL=0 DS   [-WA]
FS =0030 0000000000000000 00000000 00009300 DPL=0 DS   [-WA]
GS =0030 0000000000000000 00000000 00009300 DPL=0 DS   [-WA]
LDT=0000 0000000000000000 00000000 00008200 DPL=0 LDT
TR =0038 0000000000000000 00000000 00008900 DPL=0 TSS64-avl
GDT=     ffff800000016168 00000047
IDT=     ffffffff80004040 00000fff
CR0=80010011 CR2=0000000000000000 CR3=0000000007fa5000 CR4=00000020
DR0=0000000000000000 DR1=0000000000000000 DR2=0000000000000000 DR3=0000000000000000 
DR6=00000000ffff0ff0 DR7=0000000000000400
CCS=0000000000000014 CCD=ffff800007fb5f50 CCO=EFLAGS
EFER=0000000000000d00
Servicing hardware INT=0x21
    77: v=21 e=0000 i=0 cpl=0 IP=0028:ffffffff80000106 pc=ffffffff80000106 SP=0030:ffff800007fb5ff0 env->regs[R_EAX]=0000000000000320
RAX=0000000000000320 RBX=0000000000000000 RCX=0000000000000007 RDX=0000000000000000
RSI=00000000ffffffff RDI=000000000000000a RBP=ffff800007fb5ff0 RSP=ffff800007fb5ff0
R8 =0000000000000000 R9 =0000000000000000 R10=0000000000000000 R11=0000000000000000
R12=0000000000000000 R13=0000000000000000 R14=0000000000000000 R15=0000000000000000
RIP=ffffffff80000106 RFL=00000216 [----AP-] CPL=0 II=0 A20=1 SMM=0 HLT=0
ES =0030 0000000000000000 00000000 00009300 DPL=0 DS   [-WA]
CS =0028 0000000000000000 00000000 00209b00 DPL=0 CS64 [-RA]
SS =0030 0000000000000000 00000000 00009300 DPL=0 DS   [-WA]
DS =0030 0000000000000000 00000000 00009300 DPL=0 DS   [-WA]
FS =0030 0000000000000000 00000000 00009300 DPL=0 DS   [-WA]
GS =0030 0000000000000000 00000000 00009300 DPL=0 DS   [-WA]
LDT=0000 0000000000000000 00000000 00008200 DPL=0 LDT
TR =0038 0000000000000000 00000000 00008900 DPL=0 TSS64-avl
GDT=     ffff800000016168 00000047
IDT=     ffffffff80004040 00000fff
CR0=80010011 CR2=0000000000000000 CR3=0000000007fa5000 CR4=00000020
DR0=0000000000000000 DR1=0000000000000000 DR2=0000000000000000 DR3=0000000000000000 
DR6=00000000ffff0ff0 DR7=0000000000000400
CCS=0000000000000014 CCD=ffff800007fb5f50 CCO=EFLAGS
EFER=0000000000000d00
Servicing hardware INT=0x21
    78: v=21 e=0000 i=0 cpl=0 IP=0028:ffffffff80000106 pc=ffffffff80000106 SP=0030:ffff800007fb5ff0 env->regs[R_EAX]=0000000000000320
RAX=0000000000000320 RBX=0000000000000000 RCX=0000000000000007 RDX=0000000000000000
RSI=00000000ffffffff RDI=000000000000000a RBP=ffff800007fb5ff0 RSP=ffff800007fb5ff0
R8 =0000000000000000 R9 =0000000000000000 R10=0000000000000000 R11=0000000000000000
R12=0000000000000000 R13=0000000000000000 R14=0000000000000000 R15=0000000000000000
RIP=ffffffff80000106 RFL=00000216 [----AP-] CPL=0 II=0 A20=1 SMM=0 HLT=0
ES =0030 0000000000000000 00000000 00009300 DPL=0 DS   [-WA]
CS =0028 0000000000000000 00000000 00209b00 DPL=0 CS64 [-RA]
SS =0030 0000000000000000 00000000 00009300 DPL=0 DS   [-WA]
DS =0030 0000000000000000 00000000 00009300 DPL=0 DS   [-WA]
FS =0030 0000000000000000 00000000 00009300 DPL=0 DS   [-WA]
GS =0030 0000000000000000 00000000 00009300 DPL=0 DS   [-WA]
LDT=0000 0000000000000000 00000000 00008200 DPL=0 LDT
TR =0038 0000000000000000 00000000 00008900 DPL=0 TSS64-avl
GDT=     ffff800000016168 00000047
IDT=     ffffffff80004040 00000fff
CR0=80010011 CR2=0000000000000000 CR3=0000000007fa5000 CR4=00000020
DR0=0000000000000000 DR1=0000000000000000 DR2=0000000000000000 DR3=0000000000000000 
DR6=00000000ffff0ff0 DR7=0000000000000400
CCS=0000000000000014 CCD=ffff800007fb5f50 CCO=EFLAGS
EFER=0000000000000d00
Servicing hardware INT=0x21
    79: v=21 e=0000 i=0 cpl=0 IP=0028:ffffffff80000106 pc=ffffffff80000106 SP=0030:ffff800007fb5ff0 env->regs[R_EAX]=0000000000000320
RAX=0000000000000320 RBX=0000000000000000 RCX=0000000000000007 RDX=0000000000000000
RSI=00000000ffffffff RDI=000000000000000a RBP=ffff800007fb5ff0 RSP=ffff800007fb5ff0
R8 =0000000000000000 R9 =0000000000000000 R10=0000000000000000 R11=0000000000000000
R12=0000000000000000 R13=0000000000000000 R14=0000000000000000 R15=0000000000000000
RIP=ffffffff80000106 RFL=00000216 [----AP-] CPL=0 II=0 A20=1 SMM=0 HLT=0
ES =0030 0000000000000000 00000000 00009300 DPL=0 DS   [-WA]
CS =0028 0000000000000000 00000000 00209b00 DPL=0 CS64 [-RA]
SS =0030 0000000000000000 00000000 00009300 DPL=0 DS   [-WA]
DS =0030 0000000000000000 00000000 00009300 DPL=0 DS   [-WA]
FS =0030 0000000000000000 00000000 00009300 DPL=0 DS   [-WA]
GS =0030 0000000000000000 00000000 00009300 DPL=0 DS   [-WA]
LDT=0000 0000000000000000 00000000 00008200 DPL=0 LDT
TR =0038 0000000000000000 00000000 00008900 DPL=0 TSS64-avl
GDT=     ffff800000016168 00000047
IDT=     ffffffff80004040 00000fff
CR0=80010011 CR2=0000000000000000 CR3=0000000007fa5000 CR4=00000020
DR0=0000000000000000 DR1=0000000000000000 DR2=0000000000000000 DR3=0000000000000000 
DR6=00000000ffff0ff0 DR7=0000000000000400
CCS=0000000000000014 CCD=ffff800007fb5f50 CCO=EFLAGS
EFER=0000000000000d00
Servicing hardware INT=0x21
    80: v=21 e=0000 i=0 cpl=0 IP=0028:ffffffff80000106 pc=ffffffff80000106 SP=0030:ffff800007fb5ff0 env->regs[R_EAX]=0000000000000320
RAX=0000000000000320 RBX=0000000000000000 RCX=0000000000000007 RDX=0000000000000000
RSI=00000000ffffffff RDI=000000000000000a RBP=ffff800007fb5ff0 RSP=ffff800007fb5ff0
R8 =0000000000000000 R9 =0000000000000000 R10=0000000000000000 R11=0000000000000000
R12=0000000000000000 R13=0000000000000000 R14=0000000000000000 R15=0000000000000000
RIP=ffffffff80000106 RFL=00000216 [----AP-] CPL=0 II=0 A20=1 SMM=0 HLT=0
ES =0030 0000000000000000 00000000 00009300 DPL=0 DS   [-WA]
CS =0028 0000000000000000 00000000 00209b00 DPL=0 CS64 [-RA]
SS =0030 0000000000000000 00000000 00009300 DPL=0 DS   [-WA]
DS =0030 0000000000000000 00000000 00009300 DPL=0 DS   [-WA]
FS =0030 0000000000000000 00000000 00009300 DPL=0 DS   [-WA]
GS =0030 0000000000000000 00000000 00009300 DPL=0 DS   [-WA]
LDT=0000 0000000000000000 00000000 00008200 DPL=0 LDT
TR =0038 0000000000000000 00000000 00008900 DPL=0 TSS64-avl
GDT=     ffff800000016168 00000047
IDT=     ffffffff80004040 00000fff
CR0=80010011 CR2=0000000000000000 CR3=0000000007fa5000 CR4=00000020
DR0=0000000000000000 DR1=0000000000000000 DR2=0000000000000000 DR3=0000000000000000 
DR6=00000000ffff0ff0 DR7=0000000000000400
CCS=0000000000000014 CCD=ffff800007fb5f50 CCO=EFLAGS
EFER=0000000000000d00
Servicing hardware INT=0x21
    81: v=21 e=0000 i=0 cpl=0 IP=0028:ffffffff80000106 pc=ffffffff80000106 SP=0030:ffff800007fb5ff0 env->regs[R_EAX]=0000000000000320
RAX=0000000000000320 RBX=0000000000000000 RCX=0000000000000007 RDX=0000000000000000
RSI=00000000ffffffff RDI=000000000000000a RBP=ffff800007fb5ff0 RSP=ffff800007fb5ff0
R8 =0000000000000000 R9 =0000000000000000 R10=0000000000000000 R11=0000000000000000
R12=0000000000000000 R13=0000000000000000 R14=0000000000000000 R15=0000000000000000
RIP=ffffffff80000106 RFL=00000216 [----AP-] CPL=0 II=0 A20=1 SMM=0 HLT=0
ES =0030 0000000000000000 00000000 00009300 DPL=0 DS   [-WA]
CS =0028 0000000000000000 00000000 00209b00 DPL=0 CS64 [-RA]
SS =0030 0000000000000000 00000000 00009300 DPL=0 DS   [-WA]
DS =0030 0000000000000000 00000000 00009300 DPL=0 DS   [-WA]
FS =0030 0000000000000000 00000000 00009300 DPL=0 DS   [-WA]
GS =0030 0000000000000000 00000000 00009300 DPL=0 DS   [-WA]
LDT=0000 0000000000000000 00000000 00008200 DPL=0 LDT
TR =0038 0000000000000000 00000000 00008900 DPL=0 TSS64-avl
GDT=     ffff800000016168 00000047
IDT=     ffffffff80004040 00000fff
CR0=80010011 CR2=0000000000000000 CR3=0000000007fa5000 CR4=00000020
DR0=0000000000000000 DR1=0000000000000000 DR2=0000000000000000 DR3=0000000000000000 
DR6=00000000ffff0ff0 DR7=0000000000000400
CCS=0000000000000014 CCD=ffff800007fb5f50 CCO=EFLAGS
EFER=0000000000000d00
Servicing hardware INT=0x21
    82: v=21 e=0000 i=0 cpl=0 IP=0028:ffffffff80000106 pc=ffffffff80000106 SP=0030:ffff800007fb5ff0 env->regs[R_EAX]=0000000000000320
RAX=0000000000000320 RBX=0000000000000000 RCX=0000000000000007 RDX=0000000000000000
RSI=00000000ffffffff RDI=000000000000000a RBP=ffff800007fb5ff0 RSP=ffff800007fb5ff0
R8 =0000000000000000 R9 =0000000000000000 R10=0000000000000000 R11=0000000000000000
R12=0000000000000000 R13=0000000000000000 R14=0000000000000000 R15=0000000000000000
RIP=ffffffff80000106 RFL=00000216 [----AP-] CPL=0 II=0 A20=1 SMM=0 HLT=0
ES =0030 0000000000000000 00000000 00009300 DPL=0 DS   [-WA]
CS =0028 0000000000000000 00000000 00209b00 DPL=0 CS64 [-RA]
SS =0030 0000000000000000 00000000 00009300 DPL=0 DS   [-WA]
DS =0030 0000000000000000 00000000 00009300 DPL=0 DS   [-WA]
FS =0030 0000000000000000 00000000 00009300 DPL=0 DS   [-WA]
GS =0030 0000000000000000 00000000 00009300 DPL=0 DS   [-WA]
LDT=0000 0000000000000000 00000000 00008200 DPL=0 LDT
TR =0038 0000000000000000 00000000 00008900 DPL=0 TSS64-avl
GDT=     ffff800000016168 00000047
IDT=     ffffffff80004040 00000fff
CR0=80010011 CR2=0000000000000000 CR3=0000000007fa5000 CR4=00000020
DR0=0000000000000000 DR1=0000000000000000 DR2=0000000000000000 DR3=0000000000000000 
DR6=00000000ffff0ff0 DR7=0000000000000400
CCS=0000000000000014 CCD=ffff800007fb5f50 CCO=EFLAGS
EFER=0000000000000d00
Servicing hardware INT=0x21
    83: v=21 e=0000 i=0 cpl=0 IP=0028:ffffffff80000106 pc=ffffffff80000106 SP=0030:ffff800007fb5ff0 env->regs[R_EAX]=0000000000000320
RAX=0000000000000320 RBX=0000000000000000 RCX=0000000000000007 RDX=0000000000000000
RSI=00000000ffffffff RDI=000000000000000a RBP=ffff800007fb5ff0 RSP=ffff800007fb5ff0
R8 =0000000000000000 R9 =0000000000000000 R10=0000000000000000 R11=0000000000000000
R12=0000000000000000 R13=0000000000000000 R14=0000000000000000 R15=0000000000000000
RIP=ffffffff80000106 RFL=00000216 [----AP-] CPL=0 II=0 A20=1 SMM=0 HLT=0
ES =0030 0000000000000000 00000000 00009300 DPL=0 DS   [-WA]
CS =0028 0000000000000000 00000000 00209b00 DPL=0 CS64 [-RA]
SS =0030 0000000000000000 00000000 00009300 DPL=0 DS   [-WA]
DS =0030 0000000000000000 00000000 00009300 DPL=0 DS   [-WA]
FS =0030 0000000000000000 00000000 00009300 DPL=0 DS   [-WA]
GS =0030 0000000000000000 00000000 00009300 DPL=0 DS   [-WA]
LDT=0000 0000000000000000 00000000 00008200 DPL=0 LDT
TR =0038 0000000000000000 00000000 00008900 DPL=0 TSS64-avl
GDT=     ffff800000016168 00000047
IDT=     ffffffff80004040 00000fff
CR0=80010011 CR2=0000000000000000 CR3=0000000007fa5000 CR4=00000020
DR0=0000000000000000 DR1=0000000000000000 DR2=0000000000000000 DR3=0000000000000000 
DR6=00000000ffff0ff0 DR7=0000000000000400
CCS=0000000000000014 CCD=ffff800007fb5f50 CCO=EFLAGS
EFER=0000000000000d00
Servicing hardware INT=0x21
    84: v=21 e=0000 i=0 cpl=0 IP=0028:ffffffff80000106 pc=ffffffff80000106 SP=0030:ffff800007fb5ff0 env->regs[R_EAX]=0000000000000320
RAX=0000000000000320 RBX=0000000000000000 RCX=0000000000000007 RDX=0000000000000000
RSI=00000000ffffffff RDI=000000000000000a RBP=ffff800007fb5ff0 RSP=ffff800007fb5ff0
R8 =0000000000000000 R9 =0000000000000000 R10=0000000000000000 R11=0000000000000000
R12=0000000000000000 R13=0000000000000000 R14=0000000000000000 R15=0000000000000000
RIP=ffffffff80000106 RFL=00000216 [----AP-] CPL=0 II=0 A20=1 SMM=0 HLT=0
ES =0030 0000000000000000 00000000 00009300 DPL=0 DS   [-WA]
CS =0028 0000000000000000 00000000 00209b00 DPL=0 CS64 [-RA]
SS =0030 0000000000000000 00000000 00009300 DPL=0 DS   [-WA]
DS =0030 0000000000000000 00000000 00009300 DPL=0 DS   [-WA]
FS =0030 0000000000000000 00000000 00009300 DPL=0 DS   [-WA]
GS =0030 0000000000000000 00000000 00009300 DPL=0 DS   [-WA]
LDT=0000 0000000000000000 00000000 00008200 DPL=0 LDT
TR =0038 0000000000000000 00000000 00008900 DPL=0 TSS64-avl
GDT=     ffff800000016168 00000047
IDT=     ffffffff80004040 00000fff
CR0=80010011 CR2=0000000000000000 CR3=0000000007fa5000 CR4=00000020
DR0=0000000000000000 DR1=0000000000000000 DR2=0000000000000000 DR3=0000000000000000 
DR6=00000000ffff0ff0 DR7=0000000000000400
CCS=0000000000000014 CCD=ffff800007fb5f50 CCO=EFLAGS
EFER=0000000000000d00
